{
"lengthUnit": "mil",
"remark": [],
"components": {
	"fields": ["COMPONENT_NO", "COMPONENT_NAME", "LAYER", "X_COORDINATE", "Y_COORDINATE", "ANGLE"],
	"rows": [
		[1, "BAT1", "T", 570, -10, 270],
		[2, "C1", "T", -1365, 655, 0],
		[3, "C2", "T", -1170, 655, 0],
		[4, "C3", "T", -1010, 655, 0],
		[5, "C4", "T", -850, 655, 0],
		[6, "C5", "T", -340.698, 632.8475, 0],
		[7, "C6", "T", -200.953, 632.8475, 0],
		[8, "C7", "T", 863.3465, 247.8475, 270],
		[9, "C8", "T", 1040, 275, 180],
		[10, "C9", "T", 1385, -340, 0],
		[11, "C10", "T", 1535, -340, 0],
		[12, "C11", "T", 125, 635, 0],
		[13, "C12", "T", 410, 415, 90],
		[14, "C13", "T", 615, 635, 0],
		[15, "C14", "T", -35, 635, 0],
		[16, "H1", "T", -465, -190, 0],
		[17, "H2", "T", -1295, -190, 0],
		[18, "H3", "T", -850, -190, 0],
		[19, "LED1", "T", 1030, 520, 0],
		[20, "LED2", "T", 1030, 415, 0],
		[21, "R1", "T", 870, 655, 270],
		[22, "R2", "T", 1030, 635, 0],
		[23, "R3", "T", 865.868, 518.8415, 270],
		[24, "R4", "T", 465, 635, 0],
		[25, "R5", "T", 865, 380, 270],
		[26, "R6", "T", 295, 635, 0],
		[27, "R7", "T", -200, 485, 0],
		[28, "R8", "T", -430, 45, 0],
		[29, "R9", "T", -430, 125, 0],
		[30, "R10", "T", -330, 370, 270],
		[31, "R11", "T", -250, 370, 270],
		[32, "R12", "T", -690, 655, 0],
		[33, "SW1", "T", 115, 485, 180],
		[34, "U1", "T", -15, 65, 0],
		[35, "U2", "T", 1780, 355, 0],
		[36, "U3", "T", 1500, -185, 0],
		[37, "U4", "T", 1145, 105, 90],
		[38, "U5", "T", 1150, -145, 270],
		[39, "U6", "T", 1253.268, 397.996, 180],
		[40, "U7", "T", 1253.268, 612.681, 180],
		[41, "U8", "T", -860, 230, 0],
		[42, "U9", "B", -1540, 165, 270],
		[43, "USB1", "T", 2105, -210, 90],
		[44, "X1", "T", 935, -140, 90],
		[45, "X2", "T", 10, -300, 90],
		[46, "PAD1", "T", 570, -315.115, 0],
		[47, "PAD2", "T", 570, 295.115, 0],
		[48, "PAD3", "T", -1337.44, 655, 0],
		[49, "PAD4", "T", -1392.56, 655, 0],
		[50, "PAD5", "T", -1142.44, 655, 0],
		[51, "PAD6", "T", -1197.56, 655, 0],
		[52, "PAD7", "T", -982.44, 655, 0],
		[53, "PAD8", "T", -1037.56, 655, 0],
		[54, "PAD9", "T", -822.44, 655, 0],
		[55, "PAD10", "T", -877.56, 655, 0],
		[56, "PAD11", "T", -313.138, 632.8475, 0],
		[57, "PAD12", "T", -368.258, 632.8475, 0],
		[58, "PAD13", "T", -173.393, 632.8475, 0],
		[59, "PAD14", "T", -228.513, 632.8475, 0],
		[60, "PAD15", "T", 863.3465, 220.2875, 0],
		[61, "PAD16", "T", 863.3465, 275.4075, 0],
		[62, "PAD17", "T", 1012.44, 275, 0],
		[63, "PAD18", "T", 1067.56, 275, 0],
		[64, "PAD19", "T", 1412.56, -340, 0],
		[65, "PAD20", "T", 1357.44, -340, 0],
		[66, "PAD21", "T", 1562.56, -340, 0],
		[67, "PAD22", "T", 1507.44, -340, 0],
		[68, "PAD23", "T", 410, 442.56, 0],
		[69, "PAD24", "T", 410, 387.44, 0],
		[70, "PAD25", "T", 642.56, 635, 0],
		[71, "PAD26", "T", 587.44, 635, 0],
		[72, "PAD27", "T", -365, -190, 0],
		[73, "PAD27", "B", -365, -190, 0],
		[74, "PAD28", "T", -465, -190, 0],
		[75, "PAD28", "B", -465, -190, 0],
		[76, "PAD29", "T", -565, -190, 0],
		[77, "PAD29", "B", -565, -190, 0],
		[78, "PAD30", "T", -1445, -190, 0],
		[79, "PAD30", "B", -1445, -190, 0],
		[80, "PAD31", "T", -1345, -190, 0],
		[81, "PAD31", "B", -1345, -190, 0],
		[82, "PAD32", "T", -1245, -190, 0],
		[83, "PAD32", "B", -1245, -190, 0],
		[84, "PAD33", "T", -1145, -190, 0],
		[85, "PAD33", "B", -1145, -190, 0],
		[86, "PAD34", "T", -1000, -190, 0],
		[87, "PAD34", "B", -1000, -190, 0],
		[88, "PAD35", "T", -900, -190, 0],
		[89, "PAD35", "B", -900, -190, 0],
		[90, "PAD36", "T", -800, -190, 0],
		[91, "PAD36", "B", -800, -190, 0],
		[92, "PAD37", "T", -700, -190, 0],
		[93, "PAD37", "B", -700, -190, 0],
		[94, "PAD38", "T", 1061.475, 520.135, 0],
		[95, "PAD39", "T", 998.525, 519.865, 0],
		[96, "PAD40", "T", 1061.475, 415.135, 0],
		[97, "PAD41", "T", 998.525, 414.865, 0],
		[98, "PAD42", "T", 870, 625.34, 0],
		[99, "PAD43", "T", 870, 684.66, 0],
		[100, "PAD44", "T", 1059.66, 635, 0],
		[101, "PAD45", "T", 1000.34, 635, 0],
		[102, "PAD46", "T", 865.868, 489.1815, 0],
		[103, "PAD47", "T", 865.868, 548.5015, 0],
		[104, "PAD48", "T", 494.66, 635, 0],
		[105, "PAD49", "T", 435.34, 635, 0],
		[106, "PAD50", "T", 865, 350.34, 0],
		[107, "PAD51", "T", 865, 409.66, 0],
		[108, "PAD52", "T", 324.66, 635, 0],
		[109, "PAD53", "T", 265.34, 635, 0],
		[110, "PAD54", "T", -170.34, 485, 0],
		[111, "PAD55", "T", -229.66, 485, 0],
		[112, "PAD56", "T", 272.48, 485, 0],
		[113, "PAD57", "T", -42.48, 485, 0],
		[114, "PAD58", "T", -123.27, -102.32, 0],
		[115, "PAD59", "T", -103.58, -102.32, 0],
		[116, "PAD60", "T", -83.9, -102.32, 0],
		[117, "PAD61", "T", -64.21, -102.32, 0],
		[118, "PAD62", "T", -44.53, -102.32, 0],
		[119, "PAD63", "T", -24.84, -102.32, 0],
		[120, "PAD64", "T", -5.16, -102.32, 0],
		[121, "PAD65", "T", 14.53, -102.32, 0],
		[122, "PAD66", "T", 34.21, -102.32, 0],
		[123, "PAD67", "T", 53.9, -102.32, 0],
		[124, "PAD68", "T", 73.58, -102.32, 0],
		[125, "PAD69", "T", 93.27, -102.32, 0],
		[126, "PAD70", "T", 152.32, -43.27, 0],
		[127, "PAD71", "T", 152.32, -23.58, 0],
		[128, "PAD72", "T", 152.32, -3.9, 0],
		[129, "PAD73", "T", 152.32, 15.79, 0],
		[130, "PAD74", "T", 152.32, 35.47, 0],
		[131, "PAD75", "T", 152.32, 55.16, 0],
		[132, "PAD76", "T", 152.32, 74.84, 0],
		[133, "PAD77", "T", 152.32, 94.53, 0],
		[134, "PAD78", "T", 152.32, 114.21, 0],
		[135, "PAD79", "T", 152.32, 133.9, 0],
		[136, "PAD80", "T", 152.32, 153.58, 0],
		[137, "PAD81", "T", 152.32, 173.27, 0],
		[138, "PAD82", "T", 93.27, 232.32, 0],
		[139, "PAD83", "T", 73.58, 232.32, 0],
		[140, "PAD84", "T", 53.9, 232.32, 0],
		[141, "PAD85", "T", 34.21, 232.32, 0],
		[142, "PAD86", "T", 14.53, 232.32, 0],
		[143, "PAD87", "T", -5.16, 232.32, 0],
		[144, "PAD88", "T", -24.84, 232.32, 0],
		[145, "PAD89", "T", -44.53, 232.32, 0],
		[146, "PAD90", "T", -64.21, 232.32, 0],
		[147, "PAD91", "T", -83.9, 232.32, 0],
		[148, "PAD92", "T", -103.58, 232.32, 0],
		[149, "PAD93", "T", -123.27, 232.32, 0],
		[150, "PAD94", "T", -182.32, 173.27, 0],
		[151, "PAD95", "T", -182.32, 153.58, 0],
		[152, "PAD96", "T", -182.32, 133.9, 0],
		[153, "PAD97", "T", -182.32, 114.21, 0],
		[154, "PAD98", "T", -182.32, 94.53, 0],
		[155, "PAD99", "T", -182.32, 74.84, 0],
		[156, "PAD100", "T", -182.32, 55.16, 0],
		[157, "PAD101", "T", -182.32, 35.47, 0],
		[158, "PAD102", "T", -182.32, 15.79, 0],
		[159, "PAD103", "T", -182.32, -3.9, 0],
		[160, "PAD104", "T", -182.32, -23.58, 0],
		[161, "PAD105", "T", -182.32, -43.27, 0],
		[162, "PAD106", "T", 2106.775, 673.895, 0],
		[163, "PAD107", "T", 2106.775, 603.025, 0],
		[164, "PAD108", "T", 2106.775, 532.165, 0],
		[165, "PAD109", "T", 2106.775, 461.295, 0],
		[166, "PAD110", "T", 2106.775, 36.105, 0],
		[167, "PAD111", "T", 1453.225, 36.105, 0],
		[168, "PAD112", "T", 1453.225, 461.295, 0],
		[169, "PAD113", "T", 1453.225, 390.435, 0],
		[170, "PAD114", "T", 1453.225, 532.165, 0],
		[171, "PAD115", "T", 1453.225, 603.025, 0],
		[172, "PAD116", "T", 1553.395, -244.055, 0],
		[173, "PAD117", "T", 1553.395, -125.945, 0],
		[174, "PAD118", "T", 1446.605, -185.005, 0],
		[175, "PAD119", "T", 1250.61, 30, 0],
		[176, "PAD120", "T", 1250.61, 80, 0],
		[177, "PAD121", "T", 1250.61, 130, 0],
		[178, "PAD122", "T", 1039.39, 30, 0],
		[179, "PAD123", "T", 1039.39, 80, 0],
		[180, "PAD124", "T", 1039.39, 130, 0],
		[181, "PAD125", "T", 1039.39, 180, 0],
		[182, "PAD126", "T", 1040.85, -70, 0],
		[183, "PAD127", "T", 1040.85, -120, 0],
		[184, "PAD128", "T", 1040.85, -170, 0],
		[185, "PAD129", "T", 1040.85, -220, 0],
		[186, "PAD130", "T", 1259.15, -70, 0],
		[187, "PAD131", "T", 1259.15, -120, 0],
		[188, "PAD132", "T", 1259.15, -170, 0],
		[189, "PAD133", "T", 1259.15, -220, 0],
		[190, "PAD134", "T", 1292.668, 397.996, 0],
		[191, "PAD134", "B", 1292.668, 397.996, 0],
		[192, "PAD135", "T", 1213.868, 397.996, 0],
		[193, "PAD135", "B", 1213.868, 397.996, 0],
		[194, "PAD136", "T", 1292.668, 612.681, 0],
		[195, "PAD136", "B", 1292.668, 612.681, 0],
		[196, "PAD137", "T", 1213.868, 612.681, 0],
		[197, "PAD137", "B", 1213.868, 612.681, 0],
		[198, "PAD138", "T", -1161.205, 527.27, 0],
		[199, "PAD139", "T", -1082.465, 527.26, 0],
		[200, "PAD140", "T", -846.245, 527.27, 0],
		[201, "PAD141", "T", -767.505, 527.3, 0],
		[202, "PAD142", "T", -688.765, 527.25, 0],
		[203, "PAD143", "T", -610.025, 527.19, 0],
		[204, "PAD144", "T", -610.025, -67.27, 0],
		[205, "PAD145", "T", -1003.725, -67.3, 0],
		[206, "PAD146", "T", -1540, 315, 0],
		[207, "PAD146", "B", -1540, 315, 0],
		[208, "PAD147", "T", -1540, 215, 0],
		[209, "PAD147", "B", -1540, 215, 0],
		[210, "PAD148", "T", -1540, 115, 0],
		[211, "PAD148", "B", -1540, 115, 0],
		[212, "PAD149", "T", -1540, 15, 0],
		[213, "PAD149", "B", -1540, 15, 0],
		[214, "PAD150", "T", 2009.92, -341.89, 0],
		[215, "PAD151", "T", 2009.92, -330.08, 0],
		[216, "PAD152", "T", 2009.92, -310.39, 0],
		[217, "PAD153", "T", 2009.92, -298.58, 0],
		[218, "PAD154", "T", 2009.92, -259.21, 0],
		[219, "PAD155", "T", 2009.92, -239.53, 0],
		[220, "PAD156", "T", 2009.92, -219.84, 0],
		[221, "PAD157", "T", 2009.92, -200.16, 0],
		[222, "PAD158", "T", 2009.92, -180.47, 0],
		[223, "PAD159", "T", 2009.92, -141.1, 0],
		[224, "PAD160", "T", 2009.93, -121.42, 0],
		[225, "PAD161", "T", 2009.93, -109.6, 0],
		[226, "PAD162", "T", 2009.92, -89.92, 0],
		[227, "PAD163", "T", 2009.92, -78.11, 0],
		[228, "PAD164", "T", 935.005, -189.215, 0],
		[229, "PAD165", "T", 935.005, -90.785, 0],
		[230, "PAD166", "T", 106.46, -300, 0],
		[231, "PAD166", "B", 106.46, -300, 0],
		[232, "PAD167", "T", -86.46, -300, 0],
		[233, "PAD167", "B", -86.46, -300, 0],
		[234, "PAD168", "T", 152.56, 635, 0],
		[235, "PAD169", "T", 97.44, 635, 0],
		[236, "PAD170", "T", -7.44, 635, 0],
		[237, "PAD171", "T", -62.56, 635, 0],
		[238, "PAD172", "T", -400.34, 45, 0],
		[239, "PAD173", "T", -459.66, 45, 0],
		[240, "PAD174", "T", -400.34, 125, 0],
		[241, "PAD175", "T", -459.66, 125, 0],
		[242, "PAD176", "T", -330, 340.34, 0],
		[243, "PAD177", "T", -330, 399.66, 0],
		[244, "PAD178", "T", -250, 340.34, 0],
		[245, "PAD179", "T", -250, 399.66, 0],
		[246, "PAD180", "T", -660.34, 655, 0],
		[247, "PAD181", "T", -719.66, 655, 0]
	]
},
"pins": {
	"fields": ["PIN_NO", "PIN_NAME", "PIN_X", "PIN_Y", "LAYER", "PIN_TYPE", "NET_NAME", "NET_TYPE", "PAD_SHAPE", "PAD_SIZEX", "PAD_SIZEY", "HOLE_SIZE", "HOLE_LEN", "PAD_ANGLE"],
	"rows": [
		[1, "BAT1_1", 570, -315.115, "T", "SMD", "$1N1270", "", "R", 147.638, 110.236, 0, 0, 270],
		[2, "BAT1_2", 570, 295.115, "T", "SMD", "GND", "GND", "R", 173.228, 110.236, 0, 0, 270],
		[3, "C1_1", -1392.56, 655, "T", "SMD", "GND", "GND", "R", 31.496, 35.433, 0, 0, 0],
		[4, "C1_2", -1337.44, 655, "T", "SMD", "VCC_3V3", "", "R", 31.496, 35.433, 0, 0, 0],
		[5, "C2_1", -1197.56, 655, "T", "SMD", "GND", "GND", "R", 31.496, 35.433, 0, 0, 0],
		[6, "C2_2", -1142.44, 655, "T", "SMD", "VCC_3V3", "", "R", 31.496, 35.433, 0, 0, 0],
		[7, "C3_1", -1037.56, 655, "T", "SMD", "GND", "GND", "R", 31.496, 35.433, 0, 0, 0],
		[8, "C3_2", -982.44, 655, "T", "SMD", "VCC_3V3", "", "R", 31.496, 35.433, 0, 0, 0],
		[9, "C4_1", -877.56, 655, "T", "SMD", "GND", "GND", "R", 31.496, 35.433, 0, 0, 0],
		[10, "C4_2", -822.44, 655, "T", "SMD", "VCC_3V3", "", "R", 31.496, 35.433, 0, 0, 0],
		[11, "C5_1", -368.258, 632.8475, "T", "SMD", "GND", "GND", "R", 31.496, 35.433, 0, 0, 0],
		[12, "C5_2", -313.138, 632.8475, "T", "SMD", "VCC_3V3", "", "R", 31.496, 35.433, 0, 0, 0],
		[13, "C6_1", -228.513, 632.8475, "T", "SMD", "GND", "GND", "R", 31.496, 35.433, 0, 0, 0],
		[14, "C6_2", -173.393, 632.8475, "T", "SMD", "VCC_3V3", "", "R", 31.496, 35.433, 0, 0, 0],
		[15, "C7_1", 863.3465, 275.4075, "T", "SMD", "GND", "GND", "R", 31.496, 35.433, 0, 0, 270],
		[16, "C7_2", 863.3465, 220.2875, "T", "SMD", "VCC_5V", "", "R", 31.496, 35.433, 0, 0, 270],
		[17, "C8_1", 1067.56, 275, "T", "SMD", "GND", "GND", "R", 31.496, 35.433, 0, 0, 180],
		[18, "C8_2", 1012.44, 275, "T", "SMD", "VCC_5V", "", "R", 31.496, 35.433, 0, 0, 180],
		[19, "C9_1", 1357.44, -340, "T", "SMD", "GND", "GND", "R", 31.496, 35.433, 0, 0, 0],
		[20, "C9_2", 1412.56, -340, "T", "SMD", "VCC_3V3", "", "R", 31.496, 35.433, 0, 0, 0],
		[21, "C10_1", 1507.44, -340, "T", "SMD", "GND", "GND", "R", 31.496, 35.433, 0, 0, 0],
		[22, "C10_2", 1562.56, -340, "T", "SMD", "VCC_3V3", "", "R", 31.496, 35.433, 0, 0, 0],
		[23, "C11_1", 97.44, 635, "T", "SMD", "GND", "GND", "R", 31.496, 35.433, 0, 0, 0],
		[24, "C11_2", 152.56, 635, "T", "SMD", "OSC_IN", "", "R", 31.496, 35.433, 0, 0, 0],
		[25, "C12_1", 410, 387.44, "T", "SMD", "GND", "GND", "R", 31.496, 35.433, 0, 0, 90],
		[26, "C12_2", 410, 442.56, "T", "SMD", "STM_RST", "", "R", 31.496, 35.433, 0, 0, 90],
		[27, "C13_1", 587.44, 635, "T", "SMD", "GND", "GND", "R", 31.496, 35.433, 0, 0, 0],
		[28, "C13_2", 642.56, 635, "T", "SMD", "VCC_3V3", "", "R", 31.496, 35.433, 0, 0, 0],
		[29, "C14_1", -62.56, 635, "T", "SMD", "GND", "GND", "R", 31.496, 35.433, 0, 0, 0],
		[30, "C14_2", -7.44, 635, "T", "SMD", "OSC_OUT", "", "R", 31.496, 35.433, 0, 0, 0],
		[31, "H1_1", -565, -190, "T", "DIP", "GND", "GND", "R", 62, 70.866, 47.244, 47.244, 0],
		[32, "H1_1", -565, -190, "B", "DIP", "GND", "GND", "R", 62, 70.866, 47.244, 47.244, 0],
		[33, "H1_2", -465, -190, "T", "DIP", "TMS", "", "C", 70.866, 70.866, 47.244, 47.244, 0],
		[34, "H1_2", -465, -190, "B", "DIP", "TMS", "", "C", 70.866, 70.866, 47.244, 47.244, 0],
		[35, "H1_3", -365, -190, "T", "DIP", "TCK", "", "C", 70.866, 70.866, 47.244, 47.244, 0],
		[36, "H1_3", -365, -190, "B", "DIP", "TCK", "", "C", 70.866, 70.866, 47.244, 47.244, 0],
		[37, "H2_1", -1445, -190, "T", "DIP", "GND", "GND", "R", 66.929, 66.929, 43.308, 43.308, 0],
		[38, "H2_1", -1445, -190, "B", "DIP", "GND", "GND", "R", 66.929, 66.929, 43.308, 43.308, 0],
		[39, "H2_2", -1345, -190, "T", "DIP", "VC02_RX", "", "C", 66.929, 66.929, 43.308, 43.308, 0],
		[40, "H2_2", -1345, -190, "B", "DIP", "VC02_RX", "", "C", 66.929, 66.929, 43.308, 43.308, 0],
		[41, "H2_3", -1245, -190, "T", "DIP", "VC02_TX", "", "C", 66.929, 66.929, 43.308, 43.308, 0],
		[42, "H2_3", -1245, -190, "B", "DIP", "VC02_TX", "", "C", 66.929, 66.929, 43.308, 43.308, 0],
		[43, "H2_4", -1145, -190, "T", "DIP", "VCC_3V3", "", "C", 66.929, 66.929, 43.308, 43.308, 0],
		[44, "H2_4", -1145, -190, "B", "DIP", "VCC_3V3", "", "C", 66.929, 66.929, 43.308, 43.308, 0],
		[45, "H3_1", -1000, -190, "T", "DIP", "GND", "GND", "R", 66.929, 66.929, 43.308, 43.308, 0],
		[46, "H3_1", -1000, -190, "B", "DIP", "GND", "GND", "R", 66.929, 66.929, 43.308, 43.308, 0],
		[47, "H3_2", -900, -190, "T", "DIP", "VCC_3V3", "", "C", 66.929, 66.929, 43.308, 43.308, 0],
		[48, "H3_2", -900, -190, "B", "DIP", "VCC_3V3", "", "C", 66.929, 66.929, 43.308, 43.308, 0],
		[49, "H3_3", -800, -190, "T", "DIP", "SWDIO", "", "C", 66.929, 66.929, 43.308, 43.308, 0],
		[50, "H3_3", -800, -190, "B", "DIP", "SWDIO", "", "C", 66.929, 66.929, 43.308, 43.308, 0],
		[51, "H3_4", -700, -190, "T", "DIP", "SWSCK", "", "C", 66.929, 66.929, 43.308, 43.308, 0],
		[52, "H3_4", -700, -190, "B", "DIP", "SWSCK", "", "C", 66.929, 66.929, 43.308, 43.308, 0],
		[53, "LED1_1", 998.525, 519.865, "T", "SMD", "GND", "GND", "R", 31.496, 31.496, 0, 0, 90],
		[54, "LED1_2", 1061.475, 520.135, "T", "SMD", "$1N3206", "", "R", 31.496, 31.496, 0, 0, 90],
		[55, "LED2_1", 998.525, 414.865, "T", "SMD", "GND", "GND", "R", 31.496, 31.496, 0, 0, 90],
		[56, "LED2_2", 1061.475, 415.135, "T", "SMD", "$1N3207", "", "R", 31.496, 31.496, 0, 0, 90],
		[57, "R1_1", 870, 684.66, "T", "SMD", "GND", "GND", "R", 31.751, 34.016, 0, 0, 270],
		[58, "R1_2", 870, 625.34, "T", "SMD", "$1N798", "", "R", 31.751, 34.016, 0, 0, 270],
		[59, "R2_1", 1000.34, 635, "T", "SMD", "GND", "GND", "R", 31.751, 34.016, 0, 0, 0],
		[60, "R2_2", 1059.66, 635, "T", "SMD", "$1N800", "", "R", 31.751, 34.016, 0, 0, 0],
		[61, "R3_1", 865.868, 548.5015, "T", "SMD", "$1N3206", "", "R", 31.751, 34.016, 0, 0, 270],
		[62, "R3_2", 865.868, 489.1815, "T", "SMD", "VCC_3V3", "", "R", 31.751, 34.016, 0, 0, 270],
		[63, "R4_1", 435.34, 635, "T", "SMD", "GND", "GND", "R", 31.751, 34.016, 0, 0, 0],
		[64, "R4_2", 494.66, 635, "T", "SMD", "BOOT1", "", "R", 31.751, 34.016, 0, 0, 0],
		[65, "R5_1", 865, 409.66, "T", "SMD", "$1N3207", "", "R", 31.751, 34.016, 0, 0, 270],
		[66, "R5_2", 865, 350.34, "T", "SMD", "IO_LED", "", "R", 31.751, 34.016, 0, 0, 270],
		[67, "R6_1", 265.34, 635, "T", "SMD", "GND", "GND", "R", 31.751, 34.016, 0, 0, 0],
		[68, "R6_2", 324.66, 635, "T", "SMD", "BOOT0", "", "R", 31.751, 34.016, 0, 0, 0],
		[69, "R7_1", -229.66, 485, "T", "SMD", "STM_RST", "", "R", 31.751, 34.016, 0, 0, 0],
		[70, "R7_2", -170.34, 485, "T", "SMD", "VCC_3V3", "", "R", 31.751, 34.016, 0, 0, 0],
		[71, "R8_1", -459.66, 45, "T", "SMD", "$1N23385", "", "R", 31.751, 34.016, 0, 0, 0],
		[72, "R8_2", -400.34, 45, "T", "SMD", "I2C1_SDA", "", "R", 31.751, 34.016, 0, 0, 0],
		[73, "R9_1", -459.66, 125, "T", "SMD", "$1N23383", "", "R", 31.751, 34.016, 0, 0, 0],
		[74, "R9_2", -400.34, 125, "T", "SMD", "I2C1_SCL", "", "R", 31.751, 34.016, 0, 0, 0],
		[75, "R10_1", -330, 399.66, "T", "SMD", "$1N23497", "", "R", 31.751, 34.016, 0, 0, 270],
		[76, "R10_2", -330, 340.34, "T", "SMD", "VCC", "", "R", 31.751, 34.016, 0, 0, 270],
		[77, "R11_1", -250, 399.66, "T", "SMD", "$1N23501", "", "R", 31.751, 34.016, 0, 0, 270],
		[78, "R11_2", -250, 340.34, "T", "SMD", "VCC", "", "R", 31.751, 34.016, 0, 0, 270],
		[79, "R12_1", -719.66, 655, "T", "SMD", "$1N23582", "", "R", 31.751, 34.016, 0, 0, 360],
		[80, "R12_2", -660.34, 655, "T", "SMD", "GND", "GND", "R", 31.751, 34.016, 0, 0, 360],
		[81, "SW1_1", 272.48, 485, "T", "SMD", "GND", "GND", "R", 74.803, 59.055, 0, 0, 180],
		[82, "SW1_2", -42.48, 485, "T", "SMD", "STM_RST", "", "R", 74.803, 59.055, 0, 0, 180],
		[83, "U1_1", -123.27, -102.32, "T", "SMD", "VCC_3V3", "", "O", 10.63, 59.055, 0, 0, 360],
		[84, "U1_2", -103.58, -102.32, "T", "SMD", "DS1302_CE", "", "O", 10.63, 59.055, 0, 0, 360],
		[85, "U1_3", -83.9, -102.32, "T", "SMD", "OSC32_IN", "", "O", 10.63, 59.055, 0, 0, 360],
		[86, "U1_4", -64.21, -102.32, "T", "SMD", "OSC32_OUT", "", "O", 10.63, 59.055, 0, 0, 360],
		[87, "U1_5", -44.53, -102.32, "T", "SMD", "OSC_IN", "", "O", 10.63, 59.055, 0, 0, 360],
		[88, "U1_6", -24.84, -102.32, "T", "SMD", "OSC_OUT", "", "O", 10.63, 59.055, 0, 0, 360],
		[89, "U1_7", -5.16, -102.32, "T", "SMD", "STM_RST", "", "O", 10.63, 59.055, 0, 0, 360],
		[90, "U1_8", 14.53, -102.32, "T", "SMD", "GND", "GND", "O", 10.63, 59.055, 0, 0, 360],
		[91, "U1_9", 34.21, -102.32, "T", "SMD", "VCC_3V3", "", "O", 10.63, 59.055, 0, 0, 360],
		[92, "U1_10", 53.9, -102.32, "T", "SMD", "PA0", "", "O", 10.63, 59.055, 0, 0, 360],
		[93, "U1_11", 73.58, -102.32, "T", "SMD", "IO_LED", "", "O", 10.63, 59.055, 0, 0, 360],
		[94, "U1_12", 93.27, -102.32, "T", "SMD", "ESP8266_RX", "", "O", 10.63, 59.055, 0, 0, 360],
		[95, "U1_13", 152.32, -43.27, "T", "SMD", "ESP8266_TX", "", "O", 59.055, 10.63, 0, 0, 360],
		[96, "U1_14", 152.32, -23.58, "T", "SMD", "PA4", "", "O", 59.055, 10.63, 0, 0, 360],
		[97, "U1_15", 152.32, -3.9, "T", "SMD", "PA5", "", "O", 59.055, 10.63, 0, 0, 360],
		[98, "U1_16", 152.32, 15.79, "T", "SMD", "PA6", "", "O", 59.055, 10.63, 0, 0, 360],
		[99, "U1_17", 152.32, 35.47, "T", "SMD", "PA7", "", "O", 59.055, 10.63, 0, 0, 360],
		[100, "U1_18", 152.32, 55.16, "T", "SMD", "PB0", "", "O", 59.055, 10.63, 0, 0, 360],
		[101, "U1_19", 152.32, 74.84, "T", "SMD", "PB1", "", "O", 59.055, 10.63, 0, 0, 360],
		[102, "U1_20", 152.32, 94.53, "T", "SMD", "BOOT1", "", "O", 59.055, 10.63, 0, 0, 360],
		[103, "U1_21", 152.32, 114.21, "T", "SMD", "USB_TX", "", "O", 59.055, 10.63, 0, 0, 360],
		[104, "U1_22", 152.32, 133.9, "T", "SMD", "USB_RX", "", "O", 59.055, 10.63, 0, 0, 360],
		[105, "U1_23", 152.32, 153.58, "T", "SMD", "GND", "GND", "O", 59.055, 10.63, 0, 0, 360],
		[106, "U1_24", 152.32, 173.27, "T", "SMD", "VCC_3V3", "", "O", 59.055, 10.63, 0, 0, 360],
		[107, "U1_25", 93.27, 232.32, "T", "SMD", "PB12", "", "O", 10.63, 59.055, 0, 0, 360],
		[108, "U1_26", 73.58, 232.32, "T", "SMD", "PB13", "", "O", 10.63, 59.055, 0, 0, 360],
		[109, "U1_27", 53.9, 232.32, "T", "SMD", "PB14", "", "O", 10.63, 59.055, 0, 0, 360],
		[110, "U1_28", 34.21, 232.32, "T", "SMD", "PB15", "", "O", 10.63, 59.055, 0, 0, 360],
		[111, "U1_29", 14.53, 232.32, "T", "SMD", "PA8", "", "O", 10.63, 59.055, 0, 0, 360],
		[112, "U1_30", -5.16, 232.32, "T", "SMD", "VC02_RX", "", "O", 10.63, 59.055, 0, 0, 360],
		[113, "U1_31", -24.84, 232.32, "T", "SMD", "VC02_TX", "", "O", 10.63, 59.055, 0, 0, 360],
		[114, "U1_32", -44.53, 232.32, "T", "SMD", "PA11", "", "O", 10.63, 59.055, 0, 0, 360],
		[115, "U1_33", -64.21, 232.32, "T", "SMD", "PA12", "", "O", 10.63, 59.055, 0, 0, 360],
		[116, "U1_34", -83.9, 232.32, "T", "SMD", "SWDIO", "", "O", 10.63, 59.055, 0, 0, 360],
		[117, "U1_35", -103.58, 232.32, "T", "SMD", "GND", "GND", "O", 10.63, 59.055, 0, 0, 360],
		[118, "U1_36", -123.27, 232.32, "T", "SMD", "VCC_3V3", "", "O", 10.63, 59.055, 0, 0, 360],
		[119, "U1_37", -182.32, 173.27, "T", "SMD", "SWSCLK", "", "O", 59.055, 10.63, 0, 0, 360],
		[120, "U1_38", -182.32, 153.58, "T", "SMD", "PA15", "", "O", 59.055, 10.63, 0, 0, 360],
		[121, "U1_39", -182.32, 133.9, "T", "SMD", "PB3", "", "O", 59.055, 10.63, 0, 0, 360],
		[122, "U1_40", -182.32, 114.21, "T", "SMD", "PB4", "", "O", 59.055, 10.63, 0, 0, 360],
		[123, "U1_41", -182.32, 94.53, "T", "SMD", "PB5", "", "O", 59.055, 10.63, 0, 0, 360],
		[124, "U1_42", -182.32, 74.84, "T", "SMD", "I2C1_SCL", "", "O", 59.055, 10.63, 0, 0, 360],
		[125, "U1_43", -182.32, 55.16, "T", "SMD", "I2C1_SDA", "", "O", 59.055, 10.63, 0, 0, 360],
		[126, "U1_44", -182.32, 35.47, "T", "SMD", "BOOT0", "", "O", 59.055, 10.63, 0, 0, 360],
		[127, "U1_45", -182.32, 15.79, "T", "SMD", "DS1302_SCL", "", "O", 59.055, 10.63, 0, 0, 360],
		[128, "U1_46", -182.32, -3.9, "T", "SMD", "NET_1", "", "O", 59.055, 10.63, 0, 0, 360],
		[129, "U1_47", -182.32, -23.58, "T", "SMD", "GND", "GND", "O", 59.055, 10.63, 0, 0, 360],
		[130, "U1_48", -182.32, -43.27, "T", "SMD", "VCC_3V3", "", "O", 59.055, 10.63, 0, 0, 360],
		[131, "U2_1", 1453.225, 673.895, "T", "SMD", "NET_2", "", "R", 78.74, 39.37, 0, 0, 0],
		[132, "U2_2", 1453.225, 603.025, "T", "SMD", "VC02_MIC-", "", "R", 78.74, 39.37, 0, 0, 0],
		[133, "U2_3", 1453.225, 532.165, "T", "SMD", "VC02_MIC+", "", "R", 78.74, 39.37, 0, 0, 0],
		[134, "U2_4", 1453.225, 461.295, "T", "SMD", "VC02_TX", "", "R", 78.74, 39.37, 0, 0, 0],
		[135, "U2_5", 1453.225, 390.435, "T", "SMD", "VC02_RX", "", "R", 78.74, 39.37, 0, 0, 0],
		[136, "U2_6", 1453.225, 319.565, "T", "SMD", "NET_3", "", "R", 78.74, 39.37, 0, 0, 0],
		[137, "U2_7", 1453.225, 248.695, "T", "SMD", "NET_4", "", "R", 78.74, 39.37, 0, 0, 0],
		[138, "U2_8", 1453.225, 177.835, "T", "SMD", "NET_5", "", "R", 78.74, 39.37, 0, 0, 0],
		[139, "U2_9", 1453.225, 106.965, "T", "SMD", "NET_6", "", "R", 78.74, 39.37, 0, 0, 0],
		[140, "U2_10", 1453.225, 36.105, "T", "SMD", "TCK", "", "R", 78.74, 39.37, 0, 0, 0],
		[141, "U2_11", 2106.775, 36.105, "T", "SMD", "TMS", "", "R", 78.74, 39.37, 0, 0, 0],
		[142, "U2_12", 2106.775, 106.965, "T", "SMD", "NET_7", "", "R", 78.74, 39.37, 0, 0, 0],
		[143, "U2_13", 2106.775, 177.835, "T", "SMD", "NET_8", "", "R", 78.74, 39.37, 0, 0, 0],
		[144, "U2_14", 2106.775, 248.695, "T", "SMD", "NET_9", "", "R", 78.74, 39.37, 0, 0, 0],
		[145, "U2_15", 2106.775, 319.565, "T", "SMD", "NET_10", "", "R", 78.74, 39.37, 0, 0, 0],
		[146, "U2_16", 2106.775, 390.435, "T", "SMD", "NET_11", "", "R", 78.74, 39.37, 0, 0, 0],
		[147, "U2_17", 2106.775, 461.295, "T", "SMD", "VCC_5V", "", "R", 78.74, 39.37, 0, 0, 0],
		[148, "U2_18", 2106.775, 532.165, "T", "SMD", "GND", "GND", "R", 78.74, 39.37, 0, 0, 0],
		[149, "U2_19", 2106.775, 603.025, "T", "SMD", "VC02_SPK-", "", "R", 78.74, 39.37, 0, 0, 0],
		[150, "U2_20", 2106.775, 673.895, "T", "SMD", "VC02_SPK+", "", "R", 78.74, 39.37, 0, 0, 0],
		[151, "U3_1", 1553.395, -244.055, "T", "SMD", "GND", "GND", "R", 62.008, 26.457, 0, 0, 0],
		[152, "U3_2", 1446.605, -185.005, "T", "SMD", "VCC_3V3", "", "P", 211.685, 74.804, 0, 0, 0],
		[153, "U3_3", 1553.395, -125.945, "T", "SMD", "VCC_5V", "", "R", 62.008, 26.457, 0, 0, 0],
		[154, "U4_1", 1250.61, 30, "T", "SMD", "USB_D+", "", "O", 24.803, 73.425, 0, 0, 90],
		[155, "U4_2", 1250.61, 80, "T", "SMD", "USB_D-", "", "O", 24.803, 73.425, 0, 0, 90],
		[156, "U4_3", 1250.61, 130, "T", "SMD", "GND", "GND", "O", 24.803, 73.425, 0, 0, 90],
		[157, "U4_4", 1250.61, 180, "T", "SMD", "NET_12", "", "O", 24.803, 73.425, 0, 0, 90],
		[158, "U4_5", 1039.39, 180, "T", "SMD", "VCC_3V3", "", "O", 24.803, 73.425, 0, 0, 90],
		[159, "U4_6", 1039.39, 130, "T", "SMD", "USB_TX", "", "O", 24.803, 73.425, 0, 0, 90],
		[160, "U4_7", 1039.39, 80, "T", "SMD", "USB_RX", "", "O", 24.803, 73.425, 0, 0, 90],
		[161, "U4_8", 1039.39, 30, "T", "SMD", "VCC_3V3", "", "O", 24.803, 73.425, 0, 0, 90],
		[162, "U5_1", 1040.85, -70, "T", "SMD", "VCC_3V3", "", "O", 23.15, 80.512, 0, 0, 270],
		[163, "U5_2", 1040.85, -120, "T", "SMD", "$1N1265", "", "O", 23.15, 80.512, 0, 0, 270],
		[164, "U5_3", 1040.85, -170, "T", "SMD", "$1N1264", "", "O", 23.15, 80.512, 0, 0, 270],
		[165, "U5_4", 1040.85, -220, "T", "SMD", "GND", "GND", "O", 23.15, 80.512, 0, 0, 270],
		[166, "U5_5", 1259.15, -220, "T", "SMD", "DS1302_CE", "", "O", 23.15, 80.512, 0, 0, 270],
		[167, "U5_6", 1259.15, -170, "T", "SMD", "NET_1", "", "O", 23.15, 80.512, 0, 0, 270],
		[168, "U5_7", 1259.15, -120, "T", "SMD", "DS1302_SCL", "", "O", 23.15, 80.512, 0, 0, 270],
		[169, "U5_8", 1259.15, -70, "T", "SMD", "$1N1270", "", "O", 23.15, 80.512, 0, 0, 270],
		[170, "U6_1", 1292.668, 397.996, "T", "DIP", "VC02_SPK+", "", "R", 63, 63, 43.3, 43.3, 180],
		[171, "U6_1", 1292.668, 397.996, "B", "DIP", "VC02_SPK+", "", "R", 63, 63, 43.3, 43.3, 180],
		[172, "U6_2", 1213.868, 397.996, "T", "DIP", "VC02_SPK-", "", "C", 63, 63, 43.3, 43.3, 180],
		[173, "U6_2", 1213.868, 397.996, "B", "DIP", "VC02_SPK-", "", "C", 63, 63, 43.3, 43.3, 180],
		[174, "U7_1", 1292.668, 612.681, "T", "DIP", "VC02_MIC-", "", "R", 63, 63, 43.3, 43.3, 180],
		[175, "U7_1", 1292.668, 612.681, "B", "DIP", "VC02_MIC-", "", "R", 63, 63, 43.3, 43.3, 180],
		[176, "U7_2", 1213.868, 612.681, "T", "DIP", "VC02_MIC+", "", "C", 63, 63, 43.3, 43.3, 180],
		[177, "U7_2", 1213.868, 612.681, "B", "DIP", "VC02_MIC+", "", "C", 63, 63, 43.3, 43.3, 180],
		[178, "U8_1", -1161.205, -67.3, "T", "SMD", "NET_13", "", "R", 98.425, 55.118, 0, 0, 90],
		[179, "U8_2", -1082.465, -67.3, "T", "SMD", "NET_14", "", "R", 98.425, 55.118, 0, 0, 90],
		[180, "U8_3", -1003.725, -67.3, "T", "SMD", "VCC", "", "R", 98.425, 55.118, 0, 0, 90],
		[181, "U8_4", -924.985, -67.3, "T", "SMD", "NET_15", "", "R", 98.425, 55.118, 0, 0, 90],
		[182, "U8_5", -846.245, -67.3, "T", "SMD", "NET_16", "", "R", 98.425, 55.118, 0, 0, 90],
		[183, "U8_6", -767.505, -67.3, "T", "SMD", "NET_17", "", "R", 98.425, 55.118, 0, 0, 90],
		[184, "U8_7", -688.765, -67.3, "T", "SMD", "NET_18", "", "R", 98.425, 55.118, 0, 0, 90],
		[185, "U8_8", -610.025, -67.27, "T", "SMD", "VCC", "", "R", 98.425, 55.118, 0, 0, 90],
		[186, "U8_9", -610.025, 527.19, "T", "SMD", "GND", "GND", "R", 98.425, 55.118, 0, 0, 270],
		[187, "U8_10", -688.765, 527.25, "T", "SMD", "$1N23582", "", "R", 98.425, 55.118, 0, 0, 270],
		[188, "U8_11", -767.505, 527.3, "T", "SMD", "$1N23501", "", "R", 98.425, 55.118, 0, 0, 270],
		[189, "U8_12", -846.245, 527.27, "T", "SMD", "$1N23497", "", "R", 98.425, 55.118, 0, 0, 270],
		[190, "U8_13", -924.985, 527.24, "T", "SMD", "NET_19", "", "R", 98.425, 55.118, 0, 0, 270],
		[191, "U8_14", -1003.725, 527.27, "T", "SMD", "NET_20", "", "R", 98.425, 55.118, 0, 0, 270],
		[192, "U8_15", -1082.465, 527.26, "T", "SMD", "ESP8266_RX", "", "R", 98.425, 55.118, 0, 0, 270],
		[193, "U8_16", -1161.205, 527.27, "T", "SMD", "ESP8266_TX", "", "R", 98.425, 55.118, 0, 0, 270],
		[194, "U8_17", -558.795, 33.15, "T", "SMD", "NET_21", "", "R", 66.929, 55.118, 0, 0, 180],
		[195, "U8_18", -558.855, 111.81, "T", "SMD", "NET_22", "", "R", 66.929, 55.118, 0, 0, 180],
		[196, "U8_19", -558.835, 190.5, "T", "SMD", "NET_23", "", "R", 66.929, 55.118, 0, 0, 180],
		[197, "U8_20", -558.835, 269.27, "T", "SMD", "NET_24", "", "R", 66.929, 55.118, 0, 0, 180],
		[198, "U8_21", -558.835, 347.98, "T", "SMD", "NET_25", "", "R", 66.929, 55.118, 0, 0, 180],
		[199, "U8_22", -558.805, 426.72, "T", "SMD", "NET_26", "", "R", 66.929, 55.118, 0, 0, 180],
		[200, "U9_1", -1540, 315, "T", "DIP", "GND", "GND", "C", 70.866, 70.866, 41.338, 41.338, 270],
		[201, "U9_1", -1540, 315, "B", "DIP", "GND", "GND", "C", 70.866, 70.866, 41.338, 41.338, 270],
		[202, "U9_2", -1540, 215, "T", "DIP", "VCC_3V3", "", "C", 70.866, 70.866, 41.338, 41.338, 270],
		[203, "U9_2", -1540, 215, "B", "DIP", "VCC_3V3", "", "C", 70.866, 70.866, 41.338, 41.338, 270],
		[204, "U9_3", -1540, 115, "T", "DIP", "$1N23383", "", "C", 70.866, 70.866, 41.338, 41.338, 270],
		[205, "U9_3", -1540, 115, "B", "DIP", "$1N23383", "", "C", 70.866, 70.866, 41.338, 41.338, 270],
		[206, "U9_4", -1540, 15, "T", "DIP", "$1N23385", "", "C", 70.866, 70.866, 41.338, 41.338, 270],
		[207, "U9_4", -1540, 15, "B", "DIP", "$1N23385", "", "C", 70.866, 70.866, 41.338, 41.338, 270],
		[208, "USB1_1", 2035.51, -380.08, "T", "DIP", "NET_27", "", "O", 47.244, 78.74, 27.56, 66.929, 90],
		[209, "USB1_1", 2035.51, -380.08, "B", "DIP", "NET_27", "", "O", 47.244, 78.74, 27.56, 66.929, 90],
		[210, "USB1_2", 2035.51, -39.92, "T", "DIP", "NET_28", "", "O", 47.244, 78.74, 27.56, 66.929, 90],
		[211, "USB1_2", 2035.51, -39.92, "B", "DIP", "NET_28", "", "O", 47.244, 78.74, 27.56, 66.929, 90],
		[212, "USB1_3", 2200.08, -380.08, "T", "DIP", "NET_29", "", "O", 47.244, 70.866, 27.56, 55.118, 90],
		[213, "USB1_3", 2200.08, -380.08, "B", "DIP", "NET_29", "", "O", 47.244, 70.866, 27.56, 55.118, 90],
		[214, "USB1_4", 2200.08, -39.92, "T", "DIP", "NET_30", "", "O", 47.244, 70.866, 27.56, 55.118, 90],
		[215, "USB1_4", 2200.08, -39.92, "B", "DIP", "NET_30", "", "O", 47.244, 70.866, 27.56, 55.118, 90],
		[216, "USB1_A1", 2009.92, -341.89, "T", "SMD", "GND", "GND", "R", 11.811, 51.181, 0, 0, 90],
		[217, "USB1_A12", 2009.92, -78.11, "T", "SMD", "GND", "GND", "R", 11.811, 51.181, 0, 0, 90],
		[218, "USB1_A4", 2009.92, -310.39, "T", "SMD", "VCC_5V", "", "R", 11.811, 51.181, 0, 0, 90],
		[219, "USB1_A5", 2009.92, -259.21, "T", "SMD", "$1N798", "", "R", 11.811, 51.181, 0, 0, 90],
		[220, "USB1_A6", 2009.92, -219.84, "T", "SMD", "USB_D+", "", "R", 11.811, 51.181, 0, 0, 90],
		[221, "USB1_A7", 2009.92, -200.16, "T", "SMD", "USB_D-", "", "R", 11.811, 51.181, 0, 0, 90],
		[222, "USB1_A8", 2009.92, -160.8, "T", "SMD", "NET_31", "", "R", 11.811, 51.181, 0, 0, 90],
		[223, "USB1_A9", 2009.93, -109.6, "T", "SMD", "VCC_5V", "", "R", 11.811, 51.181, 0, 0, 90],
		[224, "USB1_B1", 2009.92, -89.92, "T", "SMD", "GND", "GND", "R", 11.811, 51.181, 0, 0, 90],
		[225, "USB1_B12", 2009.92, -330.08, "T", "SMD", "GND", "GND", "R", 11.811, 51.181, 0, 0, 90],
		[226, "USB1_B4", 2009.93, -121.42, "T", "SMD", "VCC_5V", "", "R", 11.811, 51.181, 0, 0, 90],
		[227, "USB1_B5", 2009.92, -141.1, "T", "SMD", "$1N800", "", "R", 11.811, 51.181, 0, 0, 90],
		[228, "USB1_B6", 2009.92, -180.47, "T", "SMD", "USB_D+", "", "R", 11.811, 51.181, 0, 0, 90],
		[229, "USB1_B7", 2009.92, -239.53, "T", "SMD", "USB_D-", "", "R", 11.811, 51.181, 0, 0, 90],
		[230, "USB1_B8", 2009.92, -278.9, "T", "SMD", "NET_32", "", "R", 11.811, 51.181, 0, 0, 90],
		[231, "USB1_B9", 2009.92, -298.58, "T", "SMD", "VCC_5V", "", "R", 11.811, 51.181, 0, 0, 90],
		[232, "X1_1", 935.005, -189.215, "T", "SMD", "$1N1264", "", "R", 70.866, 39.37, 0, 0, 180],
		[233, "X1_2", 935.005, -90.785, "T", "SMD", "$1N1265", "", "R", 70.866, 39.37, 0, 0, 180],
		[234, "X2_1", -86.46, -300, "T", "DIP", "OSC_IN", "", "C", 62.992, 62.992, 27.56, 27.56, 0],
		[235, "X2_1", -86.46, -300, "B", "DIP", "OSC_IN", "", "C", 62.992, 62.992, 27.56, 27.56, 0],
		[236, "X2_2", 106.46, -300, "T", "DIP", "OSC_OUT", "", "C", 62.992, 62.992, 27.56, 27.56, 0],
		[237, "X2_2", 106.46, -300, "B", "DIP", "OSC_OUT", "", "C", 62.992, 62.992, 27.56, 27.56, 0],
		[238, "PAD1_1", 570, -315.115, "T", "SMD", "$1N1270", "", "R", 147.638, 110.236, 0, 0, 270],
		[239, "PAD2_2", 570, 295.115, "T", "SMD", "GND", "GND", "R", 173.228, 110.236, 0, 0, 270],
		[240, "PAD3_2", -1337.44, 655, "T", "SMD", "VCC_3V3", "", "R", 31.496, 35.433, 0, 0, 0],
		[241, "PAD4_1", -1392.56, 655, "T", "SMD", "GND", "GND", "R", 31.496, 35.433, 0, 0, 0],
		[242, "PAD5_2", -1142.44, 655, "T", "SMD", "VCC_3V3", "", "R", 31.496, 35.433, 0, 0, 0],
		[243, "PAD6_1", -1197.56, 655, "T", "SMD", "GND", "GND", "R", 31.496, 35.433, 0, 0, 0],
		[244, "PAD7_2", -982.44, 655, "T", "SMD", "VCC_3V3", "", "R", 31.496, 35.433, 0, 0, 0],
		[245, "PAD8_1", -1037.56, 655, "T", "SMD", "GND", "GND", "R", 31.496, 35.433, 0, 0, 0],
		[246, "PAD9_2", -822.44, 655, "T", "SMD", "VCC_3V3", "", "R", 31.496, 35.433, 0, 0, 0],
		[247, "PAD10_1", -877.56, 655, "T", "SMD", "GND", "GND", "R", 31.496, 35.433, 0, 0, 0],
		[248, "PAD11_2", -313.138, 632.8475, "T", "SMD", "VCC_3V3", "", "R", 31.496, 35.433, 0, 0, 0],
		[249, "PAD12_1", -368.258, 632.8475, "T", "SMD", "GND", "GND", "R", 31.496, 35.433, 0, 0, 0],
		[250, "PAD13_2", -173.393, 632.8475, "T", "SMD", "VCC_3V3", "", "R", 31.496, 35.433, 0, 0, 0],
		[251, "PAD14_1", -228.513, 632.8475, "T", "SMD", "GND", "GND", "R", 31.496, 35.433, 0, 0, 0],
		[252, "PAD15_2", 863.3465, 220.2875, "T", "SMD", "VCC_5V", "", "R", 31.496, 35.433, 0, 0, 270],
		[253, "PAD16_1", 863.3465, 275.4075, "T", "SMD", "GND", "GND", "R", 31.496, 35.433, 0, 0, 270],
		[254, "PAD17_2", 1012.44, 275, "T", "SMD", "VCC_5V", "", "R", 31.496, 35.433, 0, 0, 180],
		[255, "PAD18_1", 1067.56, 275, "T", "SMD", "GND", "GND", "R", 31.496, 35.433, 0, 0, 180],
		[256, "PAD19_2", 1412.56, -340, "T", "SMD", "VCC_3V3", "", "R", 31.496, 35.433, 0, 0, 0],
		[257, "PAD20_1", 1357.44, -340, "T", "SMD", "GND", "GND", "R", 31.496, 35.433, 0, 0, 0],
		[258, "PAD21_2", 1562.56, -340, "T", "SMD", "VCC_3V3", "", "R", 31.496, 35.433, 0, 0, 0],
		[259, "PAD22_1", 1507.44, -340, "T", "SMD", "GND", "GND", "R", 31.496, 35.433, 0, 0, 0],
		[260, "PAD23_2", 410, 442.56, "T", "SMD", "STM_RST", "", "R", 31.496, 35.433, 0, 0, 90],
		[261, "PAD24_1", 410, 387.44, "T", "SMD", "GND", "GND", "R", 31.496, 35.433, 0, 0, 90],
		[262, "PAD25_2", 642.56, 635, "T", "SMD", "VCC_3V3", "", "R", 31.496, 35.433, 0, 0, 0],
		[263, "PAD26_1", 587.44, 635, "T", "SMD", "GND", "GND", "R", 31.496, 35.433, 0, 0, 0],
		[264, "PAD27_3", -365, -190, "T", "DIP", "TCK", "", "C", 70.866, 70.866, 47.244, 47.244, 0],
		[265, "PAD27_3", -365, -190, "B", "DIP", "TCK", "", "C", 70.866, 70.866, 47.244, 47.244, 0],
		[266, "PAD28_2", -465, -190, "T", "DIP", "TMS", "", "C", 70.866, 70.866, 47.244, 47.244, 0],
		[267, "PAD28_2", -465, -190, "B", "DIP", "TMS", "", "C", 70.866, 70.866, 47.244, 47.244, 0],
		[268, "PAD29_1", -565, -190, "T", "DIP", "GND", "GND", "R", 62, 70.866, 47.244, 47.244, 0],
		[269, "PAD29_1", -565, -190, "B", "DIP", "GND", "GND", "R", 62, 70.866, 47.244, 47.244, 0],
		[270, "PAD30_1", -1445, -190, "T", "DIP", "GND", "GND", "R", 66.929, 66.929, 43.308, 43.308, 0],
		[271, "PAD30_1", -1445, -190, "B", "DIP", "GND", "GND", "R", 66.929, 66.929, 43.308, 43.308, 0],
		[272, "PAD31_2", -1345, -190, "T", "DIP", "VC02_RX", "", "C", 66.929, 66.929, 43.308, 43.308, 0],
		[273, "PAD31_2", -1345, -190, "B", "DIP", "VC02_RX", "", "C", 66.929, 66.929, 43.308, 43.308, 0],
		[274, "PAD32_3", -1245, -190, "T", "DIP", "VC02_TX", "", "C", 66.929, 66.929, 43.308, 43.308, 0],
		[275, "PAD32_3", -1245, -190, "B", "DIP", "VC02_TX", "", "C", 66.929, 66.929, 43.308, 43.308, 0],
		[276, "PAD33_4", -1145, -190, "T", "DIP", "VCC_3V3", "", "C", 66.929, 66.929, 43.308, 43.308, 0],
		[277, "PAD33_4", -1145, -190, "B", "DIP", "VCC_3V3", "", "C", 66.929, 66.929, 43.308, 43.308, 0],
		[278, "PAD34_1", -1000, -190, "T", "DIP", "GND", "GND", "R", 66.929, 66.929, 43.308, 43.308, 0],
		[279, "PAD34_1", -1000, -190, "B", "DIP", "GND", "GND", "R", 66.929, 66.929, 43.308, 43.308, 0],
		[280, "PAD35_2", -900, -190, "T", "DIP", "VCC_3V3", "", "C", 66.929, 66.929, 43.308, 43.308, 0],
		[281, "PAD35_2", -900, -190, "B", "DIP", "VCC_3V3", "", "C", 66.929, 66.929, 43.308, 43.308, 0],
		[282, "PAD36_3", -800, -190, "T", "DIP", "SWDIO", "", "C", 66.929, 66.929, 43.308, 43.308, 0],
		[283, "PAD36_3", -800, -190, "B", "DIP", "SWDIO", "", "C", 66.929, 66.929, 43.308, 43.308, 0],
		[284, "PAD37_4", -700, -190, "T", "DIP", "SWSCK", "", "C", 66.929, 66.929, 43.308, 43.308, 0],
		[285, "PAD37_4", -700, -190, "B", "DIP", "SWSCK", "", "C", 66.929, 66.929, 43.308, 43.308, 0],
		[286, "PAD38_2", 1061.475, 520.135, "T", "SMD", "$1N3206", "", "R", 31.496, 31.496, 0, 0, 90],
		[287, "PAD39_1", 998.525, 519.865, "T", "SMD", "GND", "GND", "R", 31.496, 31.496, 0, 0, 90],
		[288, "PAD40_2", 1061.475, 415.135, "T", "SMD", "$1N3207", "", "R", 31.496, 31.496, 0, 0, 90],
		[289, "PAD41_1", 998.525, 414.865, "T", "SMD", "GND", "GND", "R", 31.496, 31.496, 0, 0, 90],
		[290, "PAD42_2", 870, 625.34, "T", "SMD", "$1N798", "", "R", 31.751, 34.016, 0, 0, 270],
		[291, "PAD43_1", 870, 684.66, "T", "SMD", "GND", "GND", "R", 31.751, 34.016, 0, 0, 270],
		[292, "PAD44_2", 1059.66, 635, "T", "SMD", "$1N800", "", "R", 31.751, 34.016, 0, 0, 0],
		[293, "PAD45_1", 1000.34, 635, "T", "SMD", "GND", "GND", "R", 31.751, 34.016, 0, 0, 0],
		[294, "PAD46_2", 865.868, 489.1815, "T", "SMD", "VCC_3V3", "", "R", 31.751, 34.016, 0, 0, 270],
		[295, "PAD47_1", 865.868, 548.5015, "T", "SMD", "$1N3206", "", "R", 31.751, 34.016, 0, 0, 270],
		[296, "PAD48_2", 494.66, 635, "T", "SMD", "BOOT1", "", "R", 31.751, 34.016, 0, 0, 0],
		[297, "PAD49_1", 435.34, 635, "T", "SMD", "GND", "GND", "R", 31.751, 34.016, 0, 0, 0],
		[298, "PAD50_2", 865, 350.34, "T", "SMD", "IO_LED", "", "R", 31.751, 34.016, 0, 0, 270],
		[299, "PAD51_1", 865, 409.66, "T", "SMD", "$1N3207", "", "R", 31.751, 34.016, 0, 0, 270],
		[300, "PAD52_2", 324.66, 635, "T", "SMD", "BOOT0", "", "R", 31.751, 34.016, 0, 0, 0],
		[301, "PAD53_1", 265.34, 635, "T", "SMD", "GND", "GND", "R", 31.751, 34.016, 0, 0, 0],
		[302, "PAD54_2", -170.34, 485, "T", "SMD", "VCC_3V3", "", "R", 31.751, 34.016, 0, 0, 0],
		[303, "PAD55_1", -229.66, 485, "T", "SMD", "STM_RST", "", "R", 31.751, 34.016, 0, 0, 0],
		[304, "PAD56_1", 272.48, 485, "T", "SMD", "GND", "GND", "R", 74.803, 59.055, 0, 0, 180],
		[305, "PAD57_2", -42.48, 485, "T", "SMD", "STM_RST", "", "R", 74.803, 59.055, 0, 0, 180],
		[306, "PAD58_1", -123.27, -102.32, "T", "SMD", "VCC_3V3", "", "O", 10.63, 59.055, 0, 0, 360],
		[307, "PAD59_2", -103.58, -102.32, "T", "SMD", "DS1302_CE", "", "O", 10.63, 59.055, 0, 0, 360],
		[308, "PAD60_3", -83.9, -102.32, "T", "SMD", "OSC32_IN", "", "O", 10.63, 59.055, 0, 0, 360],
		[309, "PAD61_4", -64.21, -102.32, "T", "SMD", "OSC32_OUT", "", "O", 10.63, 59.055, 0, 0, 360],
		[310, "PAD62_5", -44.53, -102.32, "T", "SMD", "OSC_IN", "", "O", 10.63, 59.055, 0, 0, 360],
		[311, "PAD63_6", -24.84, -102.32, "T", "SMD", "OSC_OUT", "", "O", 10.63, 59.055, 0, 0, 360],
		[312, "PAD64_7", -5.16, -102.32, "T", "SMD", "STM_RST", "", "O", 10.63, 59.055, 0, 0, 360],
		[313, "PAD65_8", 14.53, -102.32, "T", "SMD", "GND", "GND", "O", 10.63, 59.055, 0, 0, 360],
		[314, "PAD66_9", 34.21, -102.32, "T", "SMD", "VCC_3V3", "", "O", 10.63, 59.055, 0, 0, 360],
		[315, "PAD67_10", 53.9, -102.32, "T", "SMD", "PA0", "", "O", 10.63, 59.055, 0, 0, 360],
		[316, "PAD68_11", 73.58, -102.32, "T", "SMD", "IO_LED", "", "O", 10.63, 59.055, 0, 0, 360],
		[317, "PAD69_12", 93.27, -102.32, "T", "SMD", "ESP8266_RX", "", "O", 10.63, 59.055, 0, 0, 360],
		[318, "PAD70_13", 152.32, -43.27, "T", "SMD", "ESP8266_TX", "", "O", 59.055, 10.63, 0, 0, 360],
		[319, "PAD71_14", 152.32, -23.58, "T", "SMD", "PA4", "", "O", 59.055, 10.63, 0, 0, 360],
		[320, "PAD72_15", 152.32, -3.9, "T", "SMD", "PA5", "", "O", 59.055, 10.63, 0, 0, 360],
		[321, "PAD73_16", 152.32, 15.79, "T", "SMD", "PA6", "", "O", 59.055, 10.63, 0, 0, 360],
		[322, "PAD74_17", 152.32, 35.47, "T", "SMD", "PA7", "", "O", 59.055, 10.63, 0, 0, 360],
		[323, "PAD75_18", 152.32, 55.16, "T", "SMD", "PB0", "", "O", 59.055, 10.63, 0, 0, 360],
		[324, "PAD76_19", 152.32, 74.84, "T", "SMD", "PB1", "", "O", 59.055, 10.63, 0, 0, 360],
		[325, "PAD77_20", 152.32, 94.53, "T", "SMD", "BOOT1", "", "O", 59.055, 10.63, 0, 0, 360],
		[326, "PAD78_21", 152.32, 114.21, "T", "SMD", "USB_TX", "", "O", 59.055, 10.63, 0, 0, 360],
		[327, "PAD79_22", 152.32, 133.9, "T", "SMD", "USB_RX", "", "O", 59.055, 10.63, 0, 0, 360],
		[328, "PAD80_23", 152.32, 153.58, "T", "SMD", "GND", "GND", "O", 59.055, 10.63, 0, 0, 360],
		[329, "PAD81_24", 152.32, 173.27, "T", "SMD", "VCC_3V3", "", "O", 59.055, 10.63, 0, 0, 360],
		[330, "PAD82_25", 93.27, 232.32, "T", "SMD", "PB12", "", "O", 10.63, 59.055, 0, 0, 360],
		[331, "PAD83_26", 73.58, 232.32, "T", "SMD", "PB13", "", "O", 10.63, 59.055, 0, 0, 360],
		[332, "PAD84_27", 53.9, 232.32, "T", "SMD", "PB14", "", "O", 10.63, 59.055, 0, 0, 360],
		[333, "PAD85_28", 34.21, 232.32, "T", "SMD", "PB15", "", "O", 10.63, 59.055, 0, 0, 360],
		[334, "PAD86_29", 14.53, 232.32, "T", "SMD", "PA8", "", "O", 10.63, 59.055, 0, 0, 360],
		[335, "PAD87_30", -5.16, 232.32, "T", "SMD", "VC02_RX", "", "O", 10.63, 59.055, 0, 0, 360],
		[336, "PAD88_31", -24.84, 232.32, "T", "SMD", "VC02_TX", "", "O", 10.63, 59.055, 0, 0, 360],
		[337, "PAD89_32", -44.53, 232.32, "T", "SMD", "PA11", "", "O", 10.63, 59.055, 0, 0, 360],
		[338, "PAD90_33", -64.21, 232.32, "T", "SMD", "PA12", "", "O", 10.63, 59.055, 0, 0, 360],
		[339, "PAD91_34", -83.9, 232.32, "T", "SMD", "SWDIO", "", "O", 10.63, 59.055, 0, 0, 360],
		[340, "PAD92_35", -103.58, 232.32, "T", "SMD", "GND", "GND", "O", 10.63, 59.055, 0, 0, 360],
		[341, "PAD93_36", -123.27, 232.32, "T", "SMD", "VCC_3V3", "", "O", 10.63, 59.055, 0, 0, 360],
		[342, "PAD94_37", -182.32, 173.27, "T", "SMD", "SWSCLK", "", "O", 59.055, 10.63, 0, 0, 360],
		[343, "PAD95_38", -182.32, 153.58, "T", "SMD", "PA15", "", "O", 59.055, 10.63, 0, 0, 360],
		[344, "PAD96_39", -182.32, 133.9, "T", "SMD", "PB3", "", "O", 59.055, 10.63, 0, 0, 360],
		[345, "PAD97_40", -182.32, 114.21, "T", "SMD", "PB4", "", "O", 59.055, 10.63, 0, 0, 360],
		[346, "PAD98_41", -182.32, 94.53, "T", "SMD", "PB5", "", "O", 59.055, 10.63, 0, 0, 360],
		[347, "PAD99_42", -182.32, 74.84, "T", "SMD", "I2C1_SCL", "", "O", 59.055, 10.63, 0, 0, 360],
		[348, "PAD100_43", -182.32, 55.16, "T", "SMD", "I2C1_SDA", "", "O", 59.055, 10.63, 0, 0, 360],
		[349, "PAD101_44", -182.32, 35.47, "T", "SMD", "BOOT0", "", "O", 59.055, 10.63, 0, 0, 360],
		[350, "PAD102_45", -182.32, 15.79, "T", "SMD", "DS1302_SCL", "", "O", 59.055, 10.63, 0, 0, 360],
		[351, "PAD103_46", -182.32, -3.9, "T", "SMD", "NET_1", "", "O", 59.055, 10.63, 0, 0, 360],
		[352, "PAD104_47", -182.32, -23.58, "T", "SMD", "GND", "GND", "O", 59.055, 10.63, 0, 0, 360],
		[353, "PAD105_48", -182.32, -43.27, "T", "SMD", "VCC_3V3", "", "O", 59.055, 10.63, 0, 0, 360],
		[354, "PAD106_20", 2106.775, 673.895, "T", "SMD", "VC02_SPK+", "", "R", 78.74, 39.37, 0, 0, 0],
		[355, "PAD107_19", 2106.775, 603.025, "T", "SMD", "VC02_SPK-", "", "R", 78.74, 39.37, 0, 0, 0],
		[356, "PAD108_18", 2106.775, 532.165, "T", "SMD", "GND", "GND", "R", 78.74, 39.37, 0, 0, 0],
		[357, "PAD109_17", 2106.775, 461.295, "T", "SMD", "VCC_5V", "", "R", 78.74, 39.37, 0, 0, 0],
		[358, "PAD110_11", 2106.775, 36.105, "T", "SMD", "TMS", "", "R", 78.74, 39.37, 0, 0, 0],
		[359, "PAD111_10", 1453.225, 36.105, "T", "SMD", "TCK", "", "R", 78.74, 39.37, 0, 0, 0],
		[360, "PAD112_4", 1453.225, 461.295, "T", "SMD", "VC02_TX", "", "R", 78.74, 39.37, 0, 0, 0],
		[361, "PAD113_5", 1453.225, 390.435, "T", "SMD", "VC02_RX", "", "R", 78.74, 39.37, 0, 0, 0],
		[362, "PAD114_3", 1453.225, 532.165, "T", "SMD", "VC02_MIC+", "", "R", 78.74, 39.37, 0, 0, 0],
		[363, "PAD115_2", 1453.225, 603.025, "T", "SMD", "VC02_MIC-", "", "R", 78.74, 39.37, 0, 0, 0],
		[364, "PAD116_1", 1553.395, -244.055, "T", "SMD", "GND", "GND", "R", 62.008, 26.457, 0, 0, 0],
		[365, "PAD117_3", 1553.395, -125.945, "T", "SMD", "VCC_5V", "", "R", 62.008, 26.457, 0, 0, 0],
		[366, "PAD118_2", 1446.605, -185.005, "T", "SMD", "VCC_3V3", "", "P", 211.685, 74.804, 0, 0, 0],
		[367, "PAD119_1", 1250.61, 30, "T", "SMD", "USB_D+", "", "O", 24.803, 73.425, 0, 0, 90],
		[368, "PAD120_2", 1250.61, 80, "T", "SMD", "USB_D-", "", "O", 24.803, 73.425, 0, 0, 90],
		[369, "PAD121_3", 1250.61, 130, "T", "SMD", "GND", "GND", "O", 24.803, 73.425, 0, 0, 90],
		[370, "PAD122_8", 1039.39, 30, "T", "SMD", "VCC_3V3", "", "O", 24.803, 73.425, 0, 0, 90],
		[371, "PAD123_7", 1039.39, 80, "T", "SMD", "USB_RX", "", "O", 24.803, 73.425, 0, 0, 90],
		[372, "PAD124_6", 1039.39, 130, "T", "SMD", "USB_TX", "", "O", 24.803, 73.425, 0, 0, 90],
		[373, "PAD125_5", 1039.39, 180, "T", "SMD", "VCC_3V3", "", "O", 24.803, 73.425, 0, 0, 90],
		[374, "PAD126_1", 1040.85, -70, "T", "SMD", "VCC_3V3", "", "O", 23.15, 80.512, 0, 0, 270],
		[375, "PAD127_2", 1040.85, -120, "T", "SMD", "$1N1265", "", "O", 23.15, 80.512, 0, 0, 270],
		[376, "PAD128_3", 1040.85, -170, "T", "SMD", "$1N1264", "", "O", 23.15, 80.512, 0, 0, 270],
		[377, "PAD129_4", 1040.85, -220, "T", "SMD", "GND", "GND", "O", 23.15, 80.512, 0, 0, 270],
		[378, "PAD130_8", 1259.15, -70, "T", "SMD", "$1N1270", "", "O", 23.15, 80.512, 0, 0, 270],
		[379, "PAD131_7", 1259.15, -120, "T", "SMD", "DS1302_SCL", "", "O", 23.15, 80.512, 0, 0, 270],
		[380, "PAD132_6", 1259.15, -170, "T", "SMD", "NET_1", "", "O", 23.15, 80.512, 0, 0, 270],
		[381, "PAD133_5", 1259.15, -220, "T", "SMD", "DS1302_CE", "", "O", 23.15, 80.512, 0, 0, 270],
		[382, "PAD134_1", 1292.668, 397.996, "T", "DIP", "VC02_SPK+", "", "R", 63, 63, 43.3, 43.3, 180],
		[383, "PAD134_1", 1292.668, 397.996, "B", "DIP", "VC02_SPK+", "", "R", 63, 63, 43.3, 43.3, 180],
		[384, "PAD135_2", 1213.868, 397.996, "T", "DIP", "VC02_SPK-", "", "C", 63, 63, 43.3, 43.3, 180],
		[385, "PAD135_2", 1213.868, 397.996, "B", "DIP", "VC02_SPK-", "", "C", 63, 63, 43.3, 43.3, 180],
		[386, "PAD136_1", 1292.668, 612.681, "T", "DIP", "VC02_MIC-", "", "R", 63, 63, 43.3, 43.3, 180],
		[387, "PAD136_1", 1292.668, 612.681, "B", "DIP", "VC02_MIC-", "", "R", 63, 63, 43.3, 43.3, 180],
		[388, "PAD137_2", 1213.868, 612.681, "T", "DIP", "VC02_MIC+", "", "C", 63, 63, 43.3, 43.3, 180],
		[389, "PAD137_2", 1213.868, 612.681, "B", "DIP", "VC02_MIC+", "", "C", 63, 63, 43.3, 43.3, 180],
		[390, "PAD138_16", -1161.205, 527.27, "T", "SMD", "ESP8266_TX", "", "R", 98.425, 55.118, 0, 0, 270],
		[391, "PAD139_15", -1082.465, 527.26, "T", "SMD", "ESP8266_RX", "", "R", 98.425, 55.118, 0, 0, 270],
		[392, "PAD140_12", -846.245, 527.27, "T", "SMD", "$1N23497", "", "R", 98.425, 55.118, 0, 0, 270],
		[393, "PAD141_11", -767.505, 527.3, "T", "SMD", "$1N23501", "", "R", 98.425, 55.118, 0, 0, 270],
		[394, "PAD142_10", -688.765, 527.25, "T", "SMD", "$1N23582", "", "R", 98.425, 55.118, 0, 0, 270],
		[395, "PAD143_9", -610.025, 527.19, "T", "SMD", "GND", "GND", "R", 98.425, 55.118, 0, 0, 270],
		[396, "PAD144_8", -610.025, -67.27, "T", "SMD", "VCC", "", "R", 98.425, 55.118, 0, 0, 90],
		[397, "PAD145_3", -1003.725, -67.3, "T", "SMD", "VCC", "", "R", 98.425, 55.118, 0, 0, 90],
		[398, "PAD146_1", -1540, 315, "T", "DIP", "GND", "GND", "C", 70.866, 70.866, 41.338, 41.338, 270],
		[399, "PAD146_1", -1540, 315, "B", "DIP", "GND", "GND", "C", 70.866, 70.866, 41.338, 41.338, 270],
		[400, "PAD147_2", -1540, 215, "T", "DIP", "VCC_3V3", "", "C", 70.866, 70.866, 41.338, 41.338, 270],
		[401, "PAD147_2", -1540, 215, "B", "DIP", "VCC_3V3", "", "C", 70.866, 70.866, 41.338, 41.338, 270],
		[402, "PAD148_3", -1540, 115, "T", "DIP", "$1N23383", "", "C", 70.866, 70.866, 41.338, 41.338, 270],
		[403, "PAD148_3", -1540, 115, "B", "DIP", "$1N23383", "", "C", 70.866, 70.866, 41.338, 41.338, 270],
		[404, "PAD149_4", -1540, 15, "T", "DIP", "$1N23385", "", "C", 70.866, 70.866, 41.338, 41.338, 270],
		[405, "PAD149_4", -1540, 15, "B", "DIP", "$1N23385", "", "C", 70.866, 70.866, 41.338, 41.338, 270],
		[406, "PAD150_A1", 2009.92, -341.89, "T", "SMD", "GND", "GND", "R", 11.811, 51.181, 0, 0, 90],
		[407, "PAD151_B12", 2009.92, -330.08, "T", "SMD", "GND", "GND", "R", 11.811, 51.181, 0, 0, 90],
		[408, "PAD152_A4", 2009.92, -310.39, "T", "SMD", "VCC_5V", "", "R", 11.811, 51.181, 0, 0, 90],
		[409, "PAD153_B9", 2009.92, -298.58, "T", "SMD", "VCC_5V", "", "R", 11.811, 51.181, 0, 0, 90],
		[410, "PAD154_A5", 2009.92, -259.21, "T", "SMD", "$1N798", "", "R", 11.811, 51.181, 0, 0, 90],
		[411, "PAD155_B7", 2009.92, -239.53, "T", "SMD", "USB_D-", "", "R", 11.811, 51.181, 0, 0, 90],
		[412, "PAD156_A6", 2009.92, -219.84, "T", "SMD", "USB_D+", "", "R", 11.811, 51.181, 0, 0, 90],
		[413, "PAD157_A7", 2009.92, -200.16, "T", "SMD", "USB_D-", "", "R", 11.811, 51.181, 0, 0, 90],
		[414, "PAD158_B6", 2009.92, -180.47, "T", "SMD", "USB_D+", "", "R", 11.811, 51.181, 0, 0, 90],
		[415, "PAD159_B5", 2009.92, -141.1, "T", "SMD", "$1N800", "", "R", 11.811, 51.181, 0, 0, 90],
		[416, "PAD160_B4", 2009.93, -121.42, "T", "SMD", "VCC_5V", "", "R", 11.811, 51.181, 0, 0, 90],
		[417, "PAD161_A9", 2009.93, -109.6, "T", "SMD", "VCC_5V", "", "R", 11.811, 51.181, 0, 0, 90],
		[418, "PAD162_B1", 2009.92, -89.92, "T", "SMD", "GND", "GND", "R", 11.811, 51.181, 0, 0, 90],
		[419, "PAD163_A12", 2009.92, -78.11, "T", "SMD", "GND", "GND", "R", 11.811, 51.181, 0, 0, 90],
		[420, "PAD164_1", 935.005, -189.215, "T", "SMD", "$1N1264", "", "R", 70.866, 39.37, 0, 0, 180],
		[421, "PAD165_2", 935.005, -90.785, "T", "SMD", "$1N1265", "", "R", 70.866, 39.37, 0, 0, 180],
		[422, "PAD166_2", 106.46, -300, "T", "DIP", "OSC_OUT", "", "C", 62.992, 62.992, 27.56, 27.56, 0],
		[423, "PAD166_2", 106.46, -300, "B", "DIP", "OSC_OUT", "", "C", 62.992, 62.992, 27.56, 27.56, 0],
		[424, "PAD167_1", -86.46, -300, "T", "DIP", "OSC_IN", "", "C", 62.992, 62.992, 27.56, 27.56, 0],
		[425, "PAD167_1", -86.46, -300, "B", "DIP", "OSC_IN", "", "C", 62.992, 62.992, 27.56, 27.56, 0],
		[426, "PAD168_2", 152.56, 635, "T", "SMD", "OSC_IN", "", "R", 31.496, 35.433, 0, 0, 0],
		[427, "PAD169_1", 97.44, 635, "T", "SMD", "GND", "GND", "R", 31.496, 35.433, 0, 0, 0],
		[428, "PAD170_2", -7.44, 635, "T", "SMD", "OSC_OUT", "", "R", 31.496, 35.433, 0, 0, 0],
		[429, "PAD171_1", -62.56, 635, "T", "SMD", "GND", "GND", "R", 31.496, 35.433, 0, 0, 0],
		[430, "PAD172_2", -400.34, 45, "T", "SMD", "I2C1_SDA", "", "R", 31.751, 34.016, 0, 0, 0],
		[431, "PAD173_1", -459.66, 45, "T", "SMD", "$1N23385", "", "R", 31.751, 34.016, 0, 0, 0],
		[432, "PAD174_2", -400.34, 125, "T", "SMD", "I2C1_SCL", "", "R", 31.751, 34.016, 0, 0, 0],
		[433, "PAD175_1", -459.66, 125, "T", "SMD", "$1N23383", "", "R", 31.751, 34.016, 0, 0, 0],
		[434, "PAD176_2", -330, 340.34, "T", "SMD", "VCC", "", "R", 31.751, 34.016, 0, 0, 270],
		[435, "PAD177_1", -330, 399.66, "T", "SMD", "$1N23497", "", "R", 31.751, 34.016, 0, 0, 270],
		[436, "PAD178_2", -250, 340.34, "T", "SMD", "VCC", "", "R", 31.751, 34.016, 0, 0, 270],
		[437, "PAD179_1", -250, 399.66, "T", "SMD", "$1N23501", "", "R", 31.751, 34.016, 0, 0, 270],
		[438, "PAD180_2", -660.34, 655, "T", "SMD", "GND", "GND", "R", 31.751, 34.016, 0, 0, 360],
		[439, "PAD181_1", -719.66, 655, "T", "SMD", "$1N23582", "", "R", 31.751, 34.016, 0, 0, 360]
	]
}
}