{
"lengthUnit": "mil",
"remark": [],
"components": {
	"fields": ["COMPONENT_NO", "COMPONENT_NAME", "LAYER", "X_COORDINATE", "Y_COORDINATE", "ANGLE"],
	"rows": [
		[1, "BAT1", "T", 560, -20, 270],
		[2, "C1", "T", -1363.3985, 632.8475, 0],
		[3, "C2", "T", -1170.7205, 632.8475, 0],
		[4, "C3", "T", -1011.7005, 632.8475, 0],
		[5, "C4", "T", -871.9555, 632.8475, 0],
		[6, "C5", "T", -340.698, 632.8475, 0],
		[7, "C6", "T", -200.953, 632.8475, 0],
		[8, "C7", "T", 858.3465, 332.8475, 0],
		[9, "C8", "T", 1030, 335, 0],
		[10, "C9", "T", 1385, -340, 0],
		[11, "C10", "T", 1535, -340, 0],
		[12, "C11", "T", 125, 635, 0],
		[13, "C12", "T", 470, 405, 0],
		[14, "C13", "T", 615, 635, 0],
		[15, "C14", "T", -35, 635, 0],
		[16, "H1", "T", -465, -190, 0],
		[17, "H2", "T", -1295, -190, 0],
		[18, "H3", "T", -850, -190, 0],
		[19, "LED1", "T", 1030, 520, 0],
		[20, "LED2", "T", 1030, 415, 0],
		[21, "R1", "T", 850, 630, 0],
		[22, "R2", "T", 1030, 635, 0],
		[23, "R3", "T", 850.868, 513.8415, 0],
		[24, "R4", "T", 465, 635, 0],
		[25, "R5", "T", 855, 420, 0],
		[26, "R6", "T", 295, 635, 0],
		[27, "R7", "T", -200, 485, 0],
		[28, "R8", "T", -285, 25, 0],
		[29, "R9", "T", -285, 110, 0],
		[30, "R10", "T", -425, 25, 180],
		[31, "R11", "T", -425, 110, 180],
		[32, "R12", "T", -430, 225, 180],
		[33, "SW1", "T", 125, 470, 180],
		[34, "U1", "T", 15, 110, 0],
		[35, "U2", "T", 1780, 355, 0],
		[36, "U3", "T", 1500, -185, 0],
		[37, "U4", "T", 1145, 105, 90],
		[38, "U5", "T", 1150, -145, 270],
		[39, "U6", "T", 1253.268, 397.996, 180],
		[40, "U7", "T", 1253.268, 612.681, 180],
		[41, "U8", "T", -850, 230, 0],
		[42, "U9", "B", -1540, 165, 270],
		[43, "USB1", "T", 2105, -210, 90],
		[44, "X1", "T", 935, -140, 90],
		[45, "X2", "T", 10, -300, 90],
		[46, "PAD1", "T", 560, -325.115, 0],
		[47, "PAD2", "T", 560, 285.115, 0],
		[48, "PAD3", "T", -1335.8385, 632.8475, 0],
		[49, "PAD4", "T", -1390.9585, 632.8475, 0],
		[50, "PAD5", "T", -1143.1605, 632.8475, 0],
		[51, "PAD6", "T", -1198.2805, 632.8475, 0],
		[52, "PAD7", "T", -984.1405, 632.8475, 0],
		[53, "PAD8", "T", -1039.2605, 632.8475, 0],
		[54, "PAD9", "T", -844.3955, 632.8475, 0],
		[55, "PAD10", "T", -899.5155, 632.8475, 0],
		[56, "PAD11", "T", -313.138, 632.8475, 0],
		[57, "PAD12", "T", -368.258, 632.8475, 0],
		[58, "PAD13", "T", -173.393, 632.8475, 0],
		[59, "PAD14", "T", -228.513, 632.8475, 0],
		[60, "PAD15", "T", 885.9065, 332.8475, 0],
		[61, "PAD16", "T", 830.7865, 332.8475, 0],
		[62, "PAD17", "T", 1057.56, 335, 0],
		[63, "PAD18", "T", 1002.44, 335, 0],
		[64, "PAD19", "T", 1412.56, -340, 0],
		[65, "PAD20", "T", 1357.44, -340, 0],
		[66, "PAD21", "T", 1562.56, -340, 0],
		[67, "PAD22", "T", 1507.44, -340, 0],
		[68, "PAD23", "T", 152.56, 635, 0],
		[69, "PAD24", "T", 97.44, 635, 0],
		[70, "PAD25", "T", 497.56, 405, 0],
		[71, "PAD26", "T", 442.44, 405, 0],
		[72, "PAD27", "T", 642.56, 635, 0],
		[73, "PAD28", "T", 587.44, 635, 0],
		[74, "PAD29", "T", -7.44, 635, 0],
		[75, "PAD30", "T", -62.56, 635, 0],
		[76, "PAD31", "T", -365, -190, 0],
		[77, "PAD31", "B", -365, -190, 0],
		[78, "PAD32", "T", -465, -190, 0],
		[79, "PAD32", "B", -465, -190, 0],
		[80, "PAD33", "T", -565, -190, 0],
		[81, "PAD33", "B", -565, -190, 0],
		[82, "PAD34", "T", -1445, -190, 0],
		[83, "PAD34", "B", -1445, -190, 0],
		[84, "PAD35", "T", -1345, -190, 0],
		[85, "PAD35", "B", -1345, -190, 0],
		[86, "PAD36", "T", -1245, -190, 0],
		[87, "PAD36", "B", -1245, -190, 0],
		[88, "PAD37", "T", -1145, -190, 0],
		[89, "PAD37", "B", -1145, -190, 0],
		[90, "PAD38", "T", -1000, -190, 0],
		[91, "PAD38", "B", -1000, -190, 0],
		[92, "PAD39", "T", -900, -190, 0],
		[93, "PAD39", "B", -900, -190, 0],
		[94, "PAD40", "T", -800, -190, 0],
		[95, "PAD40", "B", -800, -190, 0],
		[96, "PAD41", "T", -700, -190, 0],
		[97, "PAD41", "B", -700, -190, 0],
		[98, "PAD42", "T", 1061.475, 520.135, 0],
		[99, "PAD43", "T", 998.525, 519.865, 0],
		[100, "PAD44", "T", 1061.475, 415.135, 0],
		[101, "PAD45", "T", 998.525, 414.865, 0],
		[102, "PAD46", "T", 879.66, 630, 0],
		[103, "PAD47", "T", 820.34, 630, 0],
		[104, "PAD48", "T", 1059.66, 635, 0],
		[105, "PAD49", "T", 1000.34, 635, 0],
		[106, "PAD50", "T", 880.528, 513.8415, 0],
		[107, "PAD51", "T", 821.208, 513.8415, 0],
		[108, "PAD52", "T", 494.66, 635, 0],
		[109, "PAD53", "T", 435.34, 635, 0],
		[110, "PAD54", "T", 884.66, 420, 0],
		[111, "PAD55", "T", 825.34, 420, 0],
		[112, "PAD56", "T", 324.66, 635, 0],
		[113, "PAD57", "T", 265.34, 635, 0],
		[114, "PAD58", "T", -170.34, 485, 0],
		[115, "PAD59", "T", -229.66, 485, 0],
		[116, "PAD60", "T", -255.34, 25, 0],
		[117, "PAD61", "T", -314.66, 25, 0],
		[118, "PAD62", "T", -255.34, 110, 0],
		[119, "PAD63", "T", -314.66, 110, 0],
		[120, "PAD64", "T", -454.66, 25, 0],
		[121, "PAD65", "T", -395.34, 25, 0],
		[122, "PAD66", "T", -454.66, 110, 0],
		[123, "PAD67", "T", -395.34, 110, 0],
		[124, "PAD68", "T", -459.66, 225, 0],
		[125, "PAD69", "T", -400.34, 225, 0],
		[126, "PAD70", "T", 282.48, 470, 0],
		[127, "PAD71", "T", -32.48, 470, 0],
		[128, "PAD72", "T", -93.27, -57.32, 0],
		[129, "PAD73", "T", -73.58, -57.32, 0],
		[130, "PAD74", "T", -53.9, -57.32, 0],
		[131, "PAD75", "T", -34.21, -57.32, 0],
		[132, "PAD76", "T", -14.53, -57.32, 0],
		[133, "PAD77", "T", 5.16, -57.32, 0],
		[134, "PAD78", "T", 24.84, -57.32, 0],
		[135, "PAD79", "T", 44.53, -57.32, 0],
		[136, "PAD80", "T", 64.21, -57.32, 0],
		[137, "PAD81", "T", 83.9, -57.32, 0],
		[138, "PAD82", "T", 103.58, -57.32, 0],
		[139, "PAD83", "T", 123.27, -57.32, 0],
		[140, "PAD84", "T", 182.32, 1.73, 0],
		[141, "PAD85", "T", 182.32, 21.42, 0],
		[142, "PAD86", "T", 182.32, 41.1, 0],
		[143, "PAD87", "T", 182.32, 60.79, 0],
		[144, "PAD88", "T", 182.32, 80.47, 0],
		[145, "PAD89", "T", 182.32, 100.16, 0],
		[146, "PAD90", "T", 182.32, 119.84, 0],
		[147, "PAD91", "T", 182.32, 139.53, 0],
		[148, "PAD92", "T", 182.32, 159.21, 0],
		[149, "PAD93", "T", 182.32, 178.9, 0],
		[150, "PAD94", "T", 182.32, 198.58, 0],
		[151, "PAD95", "T", 182.32, 218.27, 0],
		[152, "PAD96", "T", 123.27, 277.32, 0],
		[153, "PAD97", "T", 103.58, 277.32, 0],
		[154, "PAD98", "T", 83.9, 277.32, 0],
		[155, "PAD99", "T", 64.21, 277.32, 0],
		[156, "PAD100", "T", 44.53, 277.32, 0],
		[157, "PAD101", "T", 24.84, 277.32, 0],
		[158, "PAD102", "T", 5.16, 277.32, 0],
		[159, "PAD103", "T", -14.53, 277.32, 0],
		[160, "PAD104", "T", -34.21, 277.32, 0],
		[161, "PAD105", "T", -53.9, 277.32, 0],
		[162, "PAD106", "T", -73.58, 277.32, 0],
		[163, "PAD107", "T", -93.27, 277.32, 0],
		[164, "PAD108", "T", -152.32, 218.27, 0],
		[165, "PAD109", "T", -152.32, 198.58, 0],
		[166, "PAD110", "T", -152.32, 178.9, 0],
		[167, "PAD111", "T", -152.32, 159.21, 0],
		[168, "PAD112", "T", -152.32, 139.53, 0],
		[169, "PAD113", "T", -152.32, 119.84, 0],
		[170, "PAD114", "T", -152.32, 100.16, 0],
		[171, "PAD115", "T", -152.32, 80.47, 0],
		[172, "PAD116", "T", -152.32, 60.79, 0],
		[173, "PAD117", "T", -152.32, 41.1, 0],
		[174, "PAD118", "T", -152.32, 21.42, 0],
		[175, "PAD119", "T", -152.32, 1.73, 0],
		[176, "PAD120", "T", 2106.775, 673.895, 0],
		[177, "PAD121", "T", 2106.775, 603.025, 0],
		[178, "PAD122", "T", 2106.775, 532.165, 0],
		[179, "PAD123", "T", 2106.775, 461.295, 0],
		[180, "PAD124", "T", 2106.775, 36.105, 0],
		[181, "PAD125", "T", 1453.225, 36.105, 0],
		[182, "PAD126", "T", 1453.225, 461.295, 0],
		[183, "PAD127", "T", 1453.225, 390.435, 0],
		[184, "PAD128", "T", 1453.225, 532.165, 0],
		[185, "PAD129", "T", 1453.225, 603.025, 0],
		[186, "PAD130", "T", 1553.395, -244.055, 0],
		[187, "PAD131", "T", 1553.395, -125.945, 0],
		[188, "PAD132", "T", 1446.605, -185.005, 0],
		[189, "PAD133", "T", 1250.61, 30, 0],
		[190, "PAD134", "T", 1250.61, 80, 0],
		[191, "PAD135", "T", 1250.61, 130, 0],
		[192, "PAD136", "T", 1039.39, 30, 0],
		[193, "PAD137", "T", 1039.39, 80, 0],
		[194, "PAD138", "T", 1039.39, 130, 0],
		[195, "PAD139", "T", 1039.39, 180, 0],
		[196, "PAD140", "T", 1040.85, -70, 0],
		[197, "PAD141", "T", 1040.85, -120, 0],
		[198, "PAD142", "T", 1040.85, -170, 0],
		[199, "PAD143", "T", 1040.85, -220, 0],
		[200, "PAD144", "T", 1259.15, -70, 0],
		[201, "PAD145", "T", 1259.15, -120, 0],
		[202, "PAD146", "T", 1259.15, -170, 0],
		[203, "PAD147", "T", 1259.15, -220, 0],
		[204, "PAD148", "T", 1292.668, 397.996, 0],
		[205, "PAD148", "B", 1292.668, 397.996, 0],
		[206, "PAD149", "T", 1213.868, 397.996, 0],
		[207, "PAD149", "B", 1213.868, 397.996, 0],
		[208, "PAD150", "T", 1292.668, 612.681, 0],
		[209, "PAD150", "B", 1292.668, 612.681, 0],
		[210, "PAD151", "T", 1213.868, 612.681, 0],
		[211, "PAD151", "B", 1213.868, 612.681, 0],
		[212, "PAD152", "T", -1151.205, 527.27, 0],
		[213, "PAD153", "T", -1072.465, 527.26, 0],
		[214, "PAD154", "T", -836.245, 527.27, 0],
		[215, "PAD155", "T", -757.505, 527.3, 0],
		[216, "PAD156", "T", -678.765, 527.25, 0],
		[217, "PAD157", "T", -600.025, 527.19, 0],
		[218, "PAD158", "T", -600.025, -67.27, 0],
		[219, "PAD159", "T", -993.725, -67.3, 0],
		[220, "PAD160", "T", -1540, 315, 0],
		[221, "PAD160", "B", -1540, 315, 0],
		[222, "PAD161", "T", -1540, 215, 0],
		[223, "PAD161", "B", -1540, 215, 0],
		[224, "PAD162", "T", -1540, 115, 0],
		[225, "PAD162", "B", -1540, 115, 0],
		[226, "PAD163", "T", -1540, 15, 0],
		[227, "PAD163", "B", -1540, 15, 0],
		[228, "PAD164", "T", 2009.92, -341.89, 0],
		[229, "PAD165", "T", 2009.92, -330.08, 0],
		[230, "PAD166", "T", 2009.92, -310.39, 0],
		[231, "PAD167", "T", 2009.92, -298.58, 0],
		[232, "PAD168", "T", 2009.92, -259.21, 0],
		[233, "PAD169", "T", 2009.92, -239.53, 0],
		[234, "PAD170", "T", 2009.92, -219.84, 0],
		[235, "PAD171", "T", 2009.92, -200.16, 0],
		[236, "PAD172", "T", 2009.92, -180.47, 0],
		[237, "PAD173", "T", 2009.92, -141.1, 0],
		[238, "PAD174", "T", 2009.93, -121.42, 0],
		[239, "PAD175", "T", 2009.93, -109.6, 0],
		[240, "PAD176", "T", 2009.92, -89.92, 0],
		[241, "PAD177", "T", 2009.92, -78.11, 0],
		[242, "PAD178", "T", 935.005, -189.215, 0],
		[243, "PAD179", "T", 935.005, -90.785, 0],
		[244, "PAD180", "T", 106.46, -300, 0],
		[245, "PAD180", "B", 106.46, -300, 0],
		[246, "PAD181", "T", -86.46, -300, 0],
		[247, "PAD181", "B", -86.46, -300, 0]
	]
},
"pins": {
	"fields": ["PIN_NO", "PIN_NAME", "PIN_X", "PIN_Y", "LAYER", "PIN_TYPE", "NET_NAME", "NET_TYPE", "PAD_SHAPE", "PAD_SIZEX", "PAD_SIZEY", "HOLE_SIZE", "HOLE_LEN", "PAD_ANGLE"],
	"rows": [
		[1, "BAT1_1", 560, -325.115, "T", "SMD", "$1N1270", "", "R", 147.638, 110.236, 0, 0, 270],
		[2, "BAT1_2", 560, 285.115, "T", "SMD", "GND", "GND", "R", 173.228, 110.236, 0, 0, 270],
		[3, "C1_1", -1390.9585, 632.8475, "T", "SMD", "GND", "GND", "R", 31.496, 35.433, 0, 0, 0],
		[4, "C1_2", -1335.8385, 632.8475, "T", "SMD", "VCC_3V3", "", "R", 31.496, 35.433, 0, 0, 0],
		[5, "C2_1", -1198.2805, 632.8475, "T", "SMD", "GND", "GND", "R", 31.496, 35.433, 0, 0, 0],
		[6, "C2_2", -1143.1605, 632.8475, "T", "SMD", "VCC_3V3", "", "R", 31.496, 35.433, 0, 0, 0],
		[7, "C3_1", -1039.2605, 632.8475, "T", "SMD", "GND", "GND", "R", 31.496, 35.433, 0, 0, 0],
		[8, "C3_2", -984.1405, 632.8475, "T", "SMD", "VCC_3V3", "", "R", 31.496, 35.433, 0, 0, 0],
		[9, "C4_1", -899.5155, 632.8475, "T", "SMD", "GND", "GND", "R", 31.496, 35.433, 0, 0, 0],
		[10, "C4_2", -844.3955, 632.8475, "T", "SMD", "VCC_3V3", "", "R", 31.496, 35.433, 0, 0, 0],
		[11, "C5_1", -368.258, 632.8475, "T", "SMD", "GND", "GND", "R", 31.496, 35.433, 0, 0, 0],
		[12, "C5_2", -313.138, 632.8475, "T", "SMD", "VCC_3V3", "", "R", 31.496, 35.433, 0, 0, 0],
		[13, "C6_1", -228.513, 632.8475, "T", "SMD", "GND", "GND", "R", 31.496, 35.433, 0, 0, 0],
		[14, "C6_2", -173.393, 632.8475, "T", "SMD", "VCC_3V3", "", "R", 31.496, 35.433, 0, 0, 0],
		[15, "C7_1", 830.7865, 332.8475, "T", "SMD", "GND", "GND", "R", 31.496, 35.433, 0, 0, 0],
		[16, "C7_2", 885.9065, 332.8475, "T", "SMD", "VCC_5V", "", "R", 31.496, 35.433, 0, 0, 0],
		[17, "C8_1", 1002.44, 335, "T", "SMD", "GND", "GND", "R", 31.496, 35.433, 0, 0, 0],
		[18, "C8_2", 1057.56, 335, "T", "SMD", "VCC_5V", "", "R", 31.496, 35.433, 0, 0, 0],
		[19, "C9_1", 1357.44, -340, "T", "SMD", "GND", "GND", "R", 31.496, 35.433, 0, 0, 0],
		[20, "C9_2", 1412.56, -340, "T", "SMD", "VCC_3V3", "", "R", 31.496, 35.433, 0, 0, 0],
		[21, "C10_1", 1507.44, -340, "T", "SMD", "GND", "GND", "R", 31.496, 35.433, 0, 0, 0],
		[22, "C10_2", 1562.56, -340, "T", "SMD", "VCC_3V3", "", "R", 31.496, 35.433, 0, 0, 0],
		[23, "C11_1", 97.44, 635, "T", "SMD", "GND", "GND", "R", 31.496, 35.433, 0, 0, 0],
		[24, "C11_2", 152.56, 635, "T", "SMD", "OSC_IN", "", "R", 31.496, 35.433, 0, 0, 0],
		[25, "C12_1", 442.44, 405, "T", "SMD", "GND", "GND", "R", 31.496, 35.433, 0, 0, 0],
		[26, "C12_2", 497.56, 405, "T", "SMD", "STM_RST", "", "R", 31.496, 35.433, 0, 0, 0],
		[27, "C13_1", 587.44, 635, "T", "SMD", "GND", "GND", "R", 31.496, 35.433, 0, 0, 0],
		[28, "C13_2", 642.56, 635, "T", "SMD", "VCC_3V3", "", "R", 31.496, 35.433, 0, 0, 0],
		[29, "C14_1", -62.56, 635, "T", "SMD", "GND", "GND", "R", 31.496, 35.433, 0, 0, 0],
		[30, "C14_2", -7.44, 635, "T", "SMD", "OSC_OUT", "", "R", 31.496, 35.433, 0, 0, 0],
		[31, "H1_1", -565, -190, "T", "DIP", "GND", "GND", "R", 62, 70.866, 47.244, 47.244, 0],
		[32, "H1_1", -565, -190, "B", "DIP", "GND", "GND", "R", 62, 70.866, 47.244, 47.244, 0],
		[33, "H1_2", -465, -190, "T", "DIP", "TMS", "", "C", 70.866, 70.866, 47.244, 47.244, 0],
		[34, "H1_2", -465, -190, "B", "DIP", "TMS", "", "C", 70.866, 70.866, 47.244, 47.244, 0],
		[35, "H1_3", -365, -190, "T", "DIP", "TCK", "", "C", 70.866, 70.866, 47.244, 47.244, 0],
		[36, "H1_3", -365, -190, "B", "DIP", "TCK", "", "C", 70.866, 70.866, 47.244, 47.244, 0],
		[37, "H2_1", -1445, -190, "T", "DIP", "GND", "GND", "R", 66.929, 66.929, 43.308, 43.308, 0],
		[38, "H2_1", -1445, -190, "B", "DIP", "GND", "GND", "R", 66.929, 66.929, 43.308, 43.308, 0],
		[39, "H2_2", -1345, -190, "T", "DIP", "VC02_RX", "", "C", 66.929, 66.929, 43.308, 43.308, 0],
		[40, "H2_2", -1345, -190, "B", "DIP", "VC02_RX", "", "C", 66.929, 66.929, 43.308, 43.308, 0],
		[41, "H2_3", -1245, -190, "T", "DIP", "VC02_TX", "", "C", 66.929, 66.929, 43.308, 43.308, 0],
		[42, "H2_3", -1245, -190, "B", "DIP", "VC02_TX", "", "C", 66.929, 66.929, 43.308, 43.308, 0],
		[43, "H2_4", -1145, -190, "T", "DIP", "VCC_3V3", "", "C", 66.929, 66.929, 43.308, 43.308, 0],
		[44, "H2_4", -1145, -190, "B", "DIP", "VCC_3V3", "", "C", 66.929, 66.929, 43.308, 43.308, 0],
		[45, "H3_1", -1000, -190, "T", "DIP", "GND", "GND", "R", 66.929, 66.929, 43.308, 43.308, 0],
		[46, "H3_1", -1000, -190, "B", "DIP", "GND", "GND", "R", 66.929, 66.929, 43.308, 43.308, 0],
		[47, "H3_2", -900, -190, "T", "DIP", "VCC_3V3", "", "C", 66.929, 66.929, 43.308, 43.308, 0],
		[48, "H3_2", -900, -190, "B", "DIP", "VCC_3V3", "", "C", 66.929, 66.929, 43.308, 43.308, 0],
		[49, "H3_3", -800, -190, "T", "DIP", "SWDIO", "", "C", 66.929, 66.929, 43.308, 43.308, 0],
		[50, "H3_3", -800, -190, "B", "DIP", "SWDIO", "", "C", 66.929, 66.929, 43.308, 43.308, 0],
		[51, "H3_4", -700, -190, "T", "DIP", "SWSCK", "", "C", 66.929, 66.929, 43.308, 43.308, 0],
		[52, "H3_4", -700, -190, "B", "DIP", "SWSCK", "", "C", 66.929, 66.929, 43.308, 43.308, 0],
		[53, "LED1_1", 998.525, 519.865, "T", "SMD", "GND", "GND", "R", 31.496, 31.496, 0, 0, 90],
		[54, "LED1_2", 1061.475, 520.135, "T", "SMD", "$1N3206", "", "R", 31.496, 31.496, 0, 0, 90],
		[55, "LED2_1", 998.525, 414.865, "T", "SMD", "GND", "GND", "R", 31.496, 31.496, 0, 0, 90],
		[56, "LED2_2", 1061.475, 415.135, "T", "SMD", "$1N3207", "", "R", 31.496, 31.496, 0, 0, 90],
		[57, "R1_1", 820.34, 630, "T", "SMD", "GND", "GND", "R", 31.751, 34.016, 0, 0, 0],
		[58, "R1_2", 879.66, 630, "T", "SMD", "$1N798", "", "R", 31.751, 34.016, 0, 0, 0],
		[59, "R2_1", 1000.34, 635, "T", "SMD", "GND", "GND", "R", 31.751, 34.016, 0, 0, 0],
		[60, "R2_2", 1059.66, 635, "T", "SMD", "$1N800", "", "R", 31.751, 34.016, 0, 0, 0],
		[61, "R3_1", 821.208, 513.8415, "T", "SMD", "$1N3206", "", "R", 31.751, 34.016, 0, 0, 0],
		[62, "R3_2", 880.528, 513.8415, "T", "SMD", "VCC_3V3", "", "R", 31.751, 34.016, 0, 0, 0],
		[63, "R4_1", 435.34, 635, "T", "SMD", "GND", "GND", "R", 31.751, 34.016, 0, 0, 0],
		[64, "R4_2", 494.66, 635, "T", "SMD", "BOOT1", "", "R", 31.751, 34.016, 0, 0, 0],
		[65, "R5_1", 825.34, 420, "T", "SMD", "$1N3207", "", "R", 31.751, 34.016, 0, 0, 0],
		[66, "R5_2", 884.66, 420, "T", "SMD", "IO_LED", "", "R", 31.751, 34.016, 0, 0, 0],
		[67, "R6_1", 265.34, 635, "T", "SMD", "GND", "GND", "R", 31.751, 34.016, 0, 0, 0],
		[68, "R6_2", 324.66, 635, "T", "SMD", "BOOT0", "", "R", 31.751, 34.016, 0, 0, 0],
		[69, "R7_1", -229.66, 485, "T", "SMD", "STM_RST", "", "R", 31.751, 34.016, 0, 0, 0],
		[70, "R7_2", -170.34, 485, "T", "SMD", "VCC_3V3", "", "R", 31.751, 34.016, 0, 0, 0],
		[71, "R8_1", -314.66, 25, "T", "SMD", "$1N23385", "", "R", 31.751, 34.016, 0, 0, 0],
		[72, "R8_2", -255.34, 25, "T", "SMD", "I2C1_SDA", "", "R", 31.751, 34.016, 0, 0, 0],
		[73, "R9_1", -314.66, 110, "T", "SMD", "$1N23383", "", "R", 31.751, 34.016, 0, 0, 0],
		[74, "R9_2", -255.34, 110, "T", "SMD", "I2C1_SCL", "", "R", 31.751, 34.016, 0, 0, 0],
		[75, "R10_1", -395.34, 25, "T", "SMD", "$1N23497", "", "R", 31.751, 34.016, 0, 0, 180],
		[76, "R10_2", -454.66, 25, "T", "SMD", "VCC", "", "R", 31.751, 34.016, 0, 0, 180],
		[77, "R11_1", -395.34, 110, "T", "SMD", "$1N23501", "", "R", 31.751, 34.016, 0, 0, 180],
		[78, "R11_2", -454.66, 110, "T", "SMD", "VCC", "", "R", 31.751, 34.016, 0, 0, 180],
		[79, "R12_1", -400.34, 225, "T", "SMD", "$1N23582", "", "R", 31.751, 34.016, 0, 0, 180],
		[80, "R12_2", -459.66, 225, "T", "SMD", "GND", "GND", "R", 31.751, 34.016, 0, 0, 180],
		[81, "SW1_1", 282.48, 470, "T", "SMD", "GND", "GND", "R", 74.803, 59.055, 0, 0, 180],
		[82, "SW1_2", -32.48, 470, "T", "SMD", "STM_RST", "", "R", 74.803, 59.055, 0, 0, 180],
		[83, "U1_1", -93.27, -57.32, "T", "SMD", "VCC_3V3", "", "O", 10.63, 59.055, 0, 0, 0],
		[84, "U1_2", -73.58, -57.32, "T", "SMD", "DS1302_CE", "", "O", 10.63, 59.055, 0, 0, 0],
		[85, "U1_3", -53.9, -57.32, "T", "SMD", "OSC32_IN", "", "O", 10.63, 59.055, 0, 0, 0],
		[86, "U1_4", -34.21, -57.32, "T", "SMD", "OSC32_OUT", "", "O", 10.63, 59.055, 0, 0, 0],
		[87, "U1_5", -14.53, -57.32, "T", "SMD", "OSC_IN", "", "O", 10.63, 59.055, 0, 0, 0],
		[88, "U1_6", 5.16, -57.32, "T", "SMD", "OSC_OUT", "", "O", 10.63, 59.055, 0, 0, 0],
		[89, "U1_7", 24.84, -57.32, "T", "SMD", "STM_RST", "", "O", 10.63, 59.055, 0, 0, 0],
		[90, "U1_8", 44.53, -57.32, "T", "SMD", "GND", "GND", "O", 10.63, 59.055, 0, 0, 0],
		[91, "U1_9", 64.21, -57.32, "T", "SMD", "VCC_3V3", "", "O", 10.63, 59.055, 0, 0, 0],
		[92, "U1_10", 83.9, -57.32, "T", "SMD", "PA0", "", "O", 10.63, 59.055, 0, 0, 0],
		[93, "U1_11", 103.58, -57.32, "T", "SMD", "IO_LED", "", "O", 10.63, 59.055, 0, 0, 0],
		[94, "U1_12", 123.27, -57.32, "T", "SMD", "ESP8266_RX", "", "O", 10.63, 59.055, 0, 0, 0],
		[95, "U1_13", 182.32, 1.73, "T", "SMD", "ESP8266_TX", "", "O", 59.055, 10.63, 0, 0, 0],
		[96, "U1_14", 182.32, 21.42, "T", "SMD", "PA4", "", "O", 59.055, 10.63, 0, 0, 0],
		[97, "U1_15", 182.32, 41.1, "T", "SMD", "PA5", "", "O", 59.055, 10.63, 0, 0, 0],
		[98, "U1_16", 182.32, 60.79, "T", "SMD", "PA6", "", "O", 59.055, 10.63, 0, 0, 0],
		[99, "U1_17", 182.32, 80.47, "T", "SMD", "PA7", "", "O", 59.055, 10.63, 0, 0, 0],
		[100, "U1_18", 182.32, 100.16, "T", "SMD", "PB0", "", "O", 59.055, 10.63, 0, 0, 0],
		[101, "U1_19", 182.32, 119.84, "T", "SMD", "PB1", "", "O", 59.055, 10.63, 0, 0, 0],
		[102, "U1_20", 182.32, 139.53, "T", "SMD", "BOOT1", "", "O", 59.055, 10.63, 0, 0, 0],
		[103, "U1_21", 182.32, 159.21, "T", "SMD", "USB_TX", "", "O", 59.055, 10.63, 0, 0, 0],
		[104, "U1_22", 182.32, 178.9, "T", "SMD", "USB_RX", "", "O", 59.055, 10.63, 0, 0, 0],
		[105, "U1_23", 182.32, 198.58, "T", "SMD", "GND", "GND", "O", 59.055, 10.63, 0, 0, 0],
		[106, "U1_24", 182.32, 218.27, "T", "SMD", "VCC_3V3", "", "O", 59.055, 10.63, 0, 0, 0],
		[107, "U1_25", 123.27, 277.32, "T", "SMD", "PB12", "", "O", 10.63, 59.055, 0, 0, 0],
		[108, "U1_26", 103.58, 277.32, "T", "SMD", "PB13", "", "O", 10.63, 59.055, 0, 0, 0],
		[109, "U1_27", 83.9, 277.32, "T", "SMD", "PB14", "", "O", 10.63, 59.055, 0, 0, 0],
		[110, "U1_28", 64.21, 277.32, "T", "SMD", "PB15", "", "O", 10.63, 59.055, 0, 0, 0],
		[111, "U1_29", 44.53, 277.32, "T", "SMD", "PA8", "", "O", 10.63, 59.055, 0, 0, 0],
		[112, "U1_30", 24.84, 277.32, "T", "SMD", "VC02_RX", "", "O", 10.63, 59.055, 0, 0, 0],
		[113, "U1_31", 5.16, 277.32, "T", "SMD", "VC02_TX", "", "O", 10.63, 59.055, 0, 0, 0],
		[114, "U1_32", -14.53, 277.32, "T", "SMD", "PA11", "", "O", 10.63, 59.055, 0, 0, 0],
		[115, "U1_33", -34.21, 277.32, "T", "SMD", "PA12", "", "O", 10.63, 59.055, 0, 0, 0],
		[116, "U1_34", -53.9, 277.32, "T", "SMD", "SWDIO", "", "O", 10.63, 59.055, 0, 0, 0],
		[117, "U1_35", -73.58, 277.32, "T", "SMD", "GND", "GND", "O", 10.63, 59.055, 0, 0, 0],
		[118, "U1_36", -93.27, 277.32, "T", "SMD", "VCC_3V3", "", "O", 10.63, 59.055, 0, 0, 0],
		[119, "U1_37", -152.32, 218.27, "T", "SMD", "SWSCLK", "", "O", 59.055, 10.63, 0, 0, 0],
		[120, "U1_38", -152.32, 198.58, "T", "SMD", "PA15", "", "O", 59.055, 10.63, 0, 0, 0],
		[121, "U1_39", -152.32, 178.9, "T", "SMD", "PB3", "", "O", 59.055, 10.63, 0, 0, 0],
		[122, "U1_40", -152.32, 159.21, "T", "SMD", "PB4", "", "O", 59.055, 10.63, 0, 0, 0],
		[123, "U1_41", -152.32, 139.53, "T", "SMD", "PB5", "", "O", 59.055, 10.63, 0, 0, 0],
		[124, "U1_42", -152.32, 119.84, "T", "SMD", "I2C1_SCL", "", "O", 59.055, 10.63, 0, 0, 0],
		[125, "U1_43", -152.32, 100.16, "T", "SMD", "I2C1_SDA", "", "O", 59.055, 10.63, 0, 0, 0],
		[126, "U1_44", -152.32, 80.47, "T", "SMD", "BOOT0", "", "O", 59.055, 10.63, 0, 0, 0],
		[127, "U1_45", -152.32, 60.79, "T", "SMD", "DS1302_SCL", "", "O", 59.055, 10.63, 0, 0, 0],
		[128, "U1_46", -152.32, 41.1, "T", "SMD", "NET_1", "", "O", 59.055, 10.63, 0, 0, 0],
		[129, "U1_47", -152.32, 21.42, "T", "SMD", "GND", "GND", "O", 59.055, 10.63, 0, 0, 0],
		[130, "U1_48", -152.32, 1.73, "T", "SMD", "VCC_3V3", "", "O", 59.055, 10.63, 0, 0, 0],
		[131, "U2_1", 1453.225, 673.895, "T", "SMD", "NET_2", "", "R", 78.74, 39.37, 0, 0, 0],
		[132, "U2_2", 1453.225, 603.025, "T", "SMD", "VC02_MIC-", "", "R", 78.74, 39.37, 0, 0, 0],
		[133, "U2_3", 1453.225, 532.165, "T", "SMD", "VC02_MIC+", "", "R", 78.74, 39.37, 0, 0, 0],
		[134, "U2_4", 1453.225, 461.295, "T", "SMD", "VC02_TX", "", "R", 78.74, 39.37, 0, 0, 0],
		[135, "U2_5", 1453.225, 390.435, "T", "SMD", "VC02_RX", "", "R", 78.74, 39.37, 0, 0, 0],
		[136, "U2_6", 1453.225, 319.565, "T", "SMD", "NET_3", "", "R", 78.74, 39.37, 0, 0, 0],
		[137, "U2_7", 1453.225, 248.695, "T", "SMD", "NET_4", "", "R", 78.74, 39.37, 0, 0, 0],
		[138, "U2_8", 1453.225, 177.835, "T", "SMD", "NET_5", "", "R", 78.74, 39.37, 0, 0, 0],
		[139, "U2_9", 1453.225, 106.965, "T", "SMD", "NET_6", "", "R", 78.74, 39.37, 0, 0, 0],
		[140, "U2_10", 1453.225, 36.105, "T", "SMD", "TCK", "", "R", 78.74, 39.37, 0, 0, 0],
		[141, "U2_11", 2106.775, 36.105, "T", "SMD", "TMS", "", "R", 78.74, 39.37, 0, 0, 0],
		[142, "U2_12", 2106.775, 106.965, "T", "SMD", "NET_7", "", "R", 78.74, 39.37, 0, 0, 0],
		[143, "U2_13", 2106.775, 177.835, "T", "SMD", "NET_8", "", "R", 78.74, 39.37, 0, 0, 0],
		[144, "U2_14", 2106.775, 248.695, "T", "SMD", "NET_9", "", "R", 78.74, 39.37, 0, 0, 0],
		[145, "U2_15", 2106.775, 319.565, "T", "SMD", "NET_10", "", "R", 78.74, 39.37, 0, 0, 0],
		[146, "U2_16", 2106.775, 390.435, "T", "SMD", "NET_11", "", "R", 78.74, 39.37, 0, 0, 0],
		[147, "U2_17", 2106.775, 461.295, "T", "SMD", "VCC_5V", "", "R", 78.74, 39.37, 0, 0, 0],
		[148, "U2_18", 2106.775, 532.165, "T", "SMD", "GND", "GND", "R", 78.74, 39.37, 0, 0, 0],
		[149, "U2_19", 2106.775, 603.025, "T", "SMD", "VC02_SPK-", "", "R", 78.74, 39.37, 0, 0, 0],
		[150, "U2_20", 2106.775, 673.895, "T", "SMD", "VC02_SPK+", "", "R", 78.74, 39.37, 0, 0, 0],
		[151, "U3_1", 1553.395, -244.055, "T", "SMD", "GND", "GND", "R", 62.008, 26.457, 0, 0, 0],
		[152, "U3_2", 1446.605, -185.005, "T", "SMD", "VCC_3V3", "", "P", 211.685, 74.804, 0, 0, 0],
		[153, "U3_3", 1553.395, -125.945, "T", "SMD", "VCC_5V", "", "R", 62.008, 26.457, 0, 0, 0],
		[154, "U4_1", 1250.61, 30, "T", "SMD", "USB_D+", "", "O", 24.803, 73.425, 0, 0, 90],
		[155, "U4_2", 1250.61, 80, "T", "SMD", "USB_D-", "", "O", 24.803, 73.425, 0, 0, 90],
		[156, "U4_3", 1250.61, 130, "T", "SMD", "GND", "GND", "O", 24.803, 73.425, 0, 0, 90],
		[157, "U4_4", 1250.61, 180, "T", "SMD", "NET_12", "", "O", 24.803, 73.425, 0, 0, 90],
		[158, "U4_5", 1039.39, 180, "T", "SMD", "VCC_3V3", "", "O", 24.803, 73.425, 0, 0, 90],
		[159, "U4_6", 1039.39, 130, "T", "SMD", "USB_TX", "", "O", 24.803, 73.425, 0, 0, 90],
		[160, "U4_7", 1039.39, 80, "T", "SMD", "USB_RX", "", "O", 24.803, 73.425, 0, 0, 90],
		[161, "U4_8", 1039.39, 30, "T", "SMD", "VCC_3V3", "", "O", 24.803, 73.425, 0, 0, 90],
		[162, "U5_1", 1040.85, -70, "T", "SMD", "VCC_3V3", "", "O", 23.15, 80.512, 0, 0, 270],
		[163, "U5_2", 1040.85, -120, "T", "SMD", "$1N1265", "", "O", 23.15, 80.512, 0, 0, 270],
		[164, "U5_3", 1040.85, -170, "T", "SMD", "$1N1264", "", "O", 23.15, 80.512, 0, 0, 270],
		[165, "U5_4", 1040.85, -220, "T", "SMD", "GND", "GND", "O", 23.15, 80.512, 0, 0, 270],
		[166, "U5_5", 1259.15, -220, "T", "SMD", "DS1302_CE", "", "O", 23.15, 80.512, 0, 0, 270],
		[167, "U5_6", 1259.15, -170, "T", "SMD", "NET_1", "", "O", 23.15, 80.512, 0, 0, 270],
		[168, "U5_7", 1259.15, -120, "T", "SMD", "DS1302_SCL", "", "O", 23.15, 80.512, 0, 0, 270],
		[169, "U5_8", 1259.15, -70, "T", "SMD", "$1N1270", "", "O", 23.15, 80.512, 0, 0, 270],
		[170, "U6_1", 1292.668, 397.996, "T", "DIP", "VC02_SPK+", "", "R", 63, 63, 43.3, 43.3, 180],
		[171, "U6_1", 1292.668, 397.996, "B", "DIP", "VC02_SPK+", "", "R", 63, 63, 43.3, 43.3, 180],
		[172, "U6_2", 1213.868, 397.996, "T", "DIP", "VC02_SPK-", "", "C", 63, 63, 43.3, 43.3, 180],
		[173, "U6_2", 1213.868, 397.996, "B", "DIP", "VC02_SPK-", "", "C", 63, 63, 43.3, 43.3, 180],
		[174, "U7_1", 1292.668, 612.681, "T", "DIP", "VC02_MIC-", "", "R", 63, 63, 43.3, 43.3, 180],
		[175, "U7_1", 1292.668, 612.681, "B", "DIP", "VC02_MIC-", "", "R", 63, 63, 43.3, 43.3, 180],
		[176, "U7_2", 1213.868, 612.681, "T", "DIP", "VC02_MIC+", "", "C", 63, 63, 43.3, 43.3, 180],
		[177, "U7_2", 1213.868, 612.681, "B", "DIP", "VC02_MIC+", "", "C", 63, 63, 43.3, 43.3, 180],
		[178, "U8_1", -1151.205, -67.3, "T", "SMD", "NET_13", "", "R", 98.425, 55.118, 0, 0, 90],
		[179, "U8_2", -1072.465, -67.3, "T", "SMD", "NET_14", "", "R", 98.425, 55.118, 0, 0, 90],
		[180, "U8_3", -993.725, -67.3, "T", "SMD", "VCC", "", "R", 98.425, 55.118, 0, 0, 90],
		[181, "U8_4", -914.985, -67.3, "T", "SMD", "NET_15", "", "R", 98.425, 55.118, 0, 0, 90],
		[182, "U8_5", -836.245, -67.3, "T", "SMD", "NET_16", "", "R", 98.425, 55.118, 0, 0, 90],
		[183, "U8_6", -757.505, -67.3, "T", "SMD", "NET_17", "", "R", 98.425, 55.118, 0, 0, 90],
		[184, "U8_7", -678.765, -67.3, "T", "SMD", "NET_18", "", "R", 98.425, 55.118, 0, 0, 90],
		[185, "U8_8", -600.025, -67.27, "T", "SMD", "VCC", "", "R", 98.425, 55.118, 0, 0, 90],
		[186, "U8_9", -600.025, 527.19, "T", "SMD", "GND", "GND", "R", 98.425, 55.118, 0, 0, 270],
		[187, "U8_10", -678.765, 527.25, "T", "SMD", "$1N23582", "", "R", 98.425, 55.118, 0, 0, 270],
		[188, "U8_11", -757.505, 527.3, "T", "SMD", "$1N23501", "", "R", 98.425, 55.118, 0, 0, 270],
		[189, "U8_12", -836.245, 527.27, "T", "SMD", "$1N23497", "", "R", 98.425, 55.118, 0, 0, 270],
		[190, "U8_13", -914.985, 527.24, "T", "SMD", "NET_19", "", "R", 98.425, 55.118, 0, 0, 270],
		[191, "U8_14", -993.725, 527.27, "T", "SMD", "NET_20", "", "R", 98.425, 55.118, 0, 0, 270],
		[192, "U8_15", -1072.465, 527.26, "T", "SMD", "ESP8266_RX", "", "R", 98.425, 55.118, 0, 0, 270],
		[193, "U8_16", -1151.205, 527.27, "T", "SMD", "ESP8266_TX", "", "R", 98.425, 55.118, 0, 0, 270],
		[194, "U8_17", -548.795, 33.15, "T", "SMD", "NET_21", "", "R", 66.929, 55.118, 0, 0, 180],
		[195, "U8_18", -548.855, 111.81, "T", "SMD", "NET_22", "", "R", 66.929, 55.118, 0, 0, 180],
		[196, "U8_19", -548.835, 190.5, "T", "SMD", "NET_23", "", "R", 66.929, 55.118, 0, 0, 180],
		[197, "U8_20", -548.835, 269.27, "T", "SMD", "NET_24", "", "R", 66.929, 55.118, 0, 0, 180],
		[198, "U8_21", -548.835, 347.98, "T", "SMD", "NET_25", "", "R", 66.929, 55.118, 0, 0, 180],
		[199, "U8_22", -548.805, 426.72, "T", "SMD", "NET_26", "", "R", 66.929, 55.118, 0, 0, 180],
		[200, "U9_1", -1540, 315, "T", "DIP", "GND", "GND", "C", 70.866, 70.866, 41.338, 41.338, 270],
		[201, "U9_1", -1540, 315, "B", "DIP", "GND", "GND", "C", 70.866, 70.866, 41.338, 41.338, 270],
		[202, "U9_2", -1540, 215, "T", "DIP", "VCC_3V3", "", "C", 70.866, 70.866, 41.338, 41.338, 270],
		[203, "U9_2", -1540, 215, "B", "DIP", "VCC_3V3", "", "C", 70.866, 70.866, 41.338, 41.338, 270],
		[204, "U9_3", -1540, 115, "T", "DIP", "$1N23383", "", "C", 70.866, 70.866, 41.338, 41.338, 270],
		[205, "U9_3", -1540, 115, "B", "DIP", "$1N23383", "", "C", 70.866, 70.866, 41.338, 41.338, 270],
		[206, "U9_4", -1540, 15, "T", "DIP", "$1N23385", "", "C", 70.866, 70.866, 41.338, 41.338, 270],
		[207, "U9_4", -1540, 15, "B", "DIP", "$1N23385", "", "C", 70.866, 70.866, 41.338, 41.338, 270],
		[208, "USB1_1", 2035.51, -380.08, "T", "DIP", "NET_27", "", "O", 47.244, 78.74, 27.56, 66.929, 90],
		[209, "USB1_1", 2035.51, -380.08, "B", "DIP", "NET_27", "", "O", 47.244, 78.74, 27.56, 66.929, 90],
		[210, "USB1_2", 2035.51, -39.92, "T", "DIP", "NET_28", "", "O", 47.244, 78.74, 27.56, 66.929, 90],
		[211, "USB1_2", 2035.51, -39.92, "B", "DIP", "NET_28", "", "O", 47.244, 78.74, 27.56, 66.929, 90],
		[212, "USB1_3", 2200.08, -380.08, "T", "DIP", "NET_29", "", "O", 47.244, 70.866, 27.56, 55.118, 90],
		[213, "USB1_3", 2200.08, -380.08, "B", "DIP", "NET_29", "", "O", 47.244, 70.866, 27.56, 55.118, 90],
		[214, "USB1_4", 2200.08, -39.92, "T", "DIP", "NET_30", "", "O", 47.244, 70.866, 27.56, 55.118, 90],
		[215, "USB1_4", 2200.08, -39.92, "B", "DIP", "NET_30", "", "O", 47.244, 70.866, 27.56, 55.118, 90],
		[216, "USB1_A1", 2009.92, -341.89, "T", "SMD", "GND", "GND", "R", 11.811, 51.181, 0, 0, 90],
		[217, "USB1_A12", 2009.92, -78.11, "T", "SMD", "GND", "GND", "R", 11.811, 51.181, 0, 0, 90],
		[218, "USB1_A4", 2009.92, -310.39, "T", "SMD", "VCC_5V", "", "R", 11.811, 51.181, 0, 0, 90],
		[219, "USB1_A5", 2009.92, -259.21, "T", "SMD", "$1N798", "", "R", 11.811, 51.181, 0, 0, 90],
		[220, "USB1_A6", 2009.92, -219.84, "T", "SMD", "USB_D+", "", "R", 11.811, 51.181, 0, 0, 90],
		[221, "USB1_A7", 2009.92, -200.16, "T", "SMD", "USB_D-", "", "R", 11.811, 51.181, 0, 0, 90],
		[222, "USB1_A8", 2009.92, -160.8, "T", "SMD", "NET_31", "", "R", 11.811, 51.181, 0, 0, 90],
		[223, "USB1_A9", 2009.93, -109.6, "T", "SMD", "VCC_5V", "", "R", 11.811, 51.181, 0, 0, 90],
		[224, "USB1_B1", 2009.92, -89.92, "T", "SMD", "GND", "GND", "R", 11.811, 51.181, 0, 0, 90],
		[225, "USB1_B12", 2009.92, -330.08, "T", "SMD", "GND", "GND", "R", 11.811, 51.181, 0, 0, 90],
		[226, "USB1_B4", 2009.93, -121.42, "T", "SMD", "VCC_5V", "", "R", 11.811, 51.181, 0, 0, 90],
		[227, "USB1_B5", 2009.92, -141.1, "T", "SMD", "$1N800", "", "R", 11.811, 51.181, 0, 0, 90],
		[228, "USB1_B6", 2009.92, -180.47, "T", "SMD", "USB_D+", "", "R", 11.811, 51.181, 0, 0, 90],
		[229, "USB1_B7", 2009.92, -239.53, "T", "SMD", "USB_D-", "", "R", 11.811, 51.181, 0, 0, 90],
		[230, "USB1_B8", 2009.92, -278.9, "T", "SMD", "NET_32", "", "R", 11.811, 51.181, 0, 0, 90],
		[231, "USB1_B9", 2009.92, -298.58, "T", "SMD", "VCC_5V", "", "R", 11.811, 51.181, 0, 0, 90],
		[232, "X1_1", 935.005, -189.215, "T", "SMD", "$1N1264", "", "R", 70.866, 39.37, 0, 0, 180],
		[233, "X1_2", 935.005, -90.785, "T", "SMD", "$1N1265", "", "R", 70.866, 39.37, 0, 0, 180],
		[234, "X2_1", -86.46, -300, "T", "DIP", "OSC_IN", "", "C", 62.992, 62.992, 27.56, 27.56, 0],
		[235, "X2_1", -86.46, -300, "B", "DIP", "OSC_IN", "", "C", 62.992, 62.992, 27.56, 27.56, 0],
		[236, "X2_2", 106.46, -300, "T", "DIP", "OSC_OUT", "", "C", 62.992, 62.992, 27.56, 27.56, 0],
		[237, "X2_2", 106.46, -300, "B", "DIP", "OSC_OUT", "", "C", 62.992, 62.992, 27.56, 27.56, 0],
		[238, "PAD1_1", 560, -325.115, "T", "SMD", "$1N1270", "", "R", 147.638, 110.236, 0, 0, 270],
		[239, "PAD2_2", 560, 285.115, "T", "SMD", "GND", "GND", "R", 173.228, 110.236, 0, 0, 270],
		[240, "PAD3_2", -1335.8385, 632.8475, "T", "SMD", "VCC_3V3", "", "R", 31.496, 35.433, 0, 0, 0],
		[241, "PAD4_1", -1390.9585, 632.8475, "T", "SMD", "GND", "GND", "R", 31.496, 35.433, 0, 0, 0],
		[242, "PAD5_2", -1143.1605, 632.8475, "T", "SMD", "VCC_3V3", "", "R", 31.496, 35.433, 0, 0, 0],
		[243, "PAD6_1", -1198.2805, 632.8475, "T", "SMD", "GND", "GND", "R", 31.496, 35.433, 0, 0, 0],
		[244, "PAD7_2", -984.1405, 632.8475, "T", "SMD", "VCC_3V3", "", "R", 31.496, 35.433, 0, 0, 0],
		[245, "PAD8_1", -1039.2605, 632.8475, "T", "SMD", "GND", "GND", "R", 31.496, 35.433, 0, 0, 0],
		[246, "PAD9_2", -844.3955, 632.8475, "T", "SMD", "VCC_3V3", "", "R", 31.496, 35.433, 0, 0, 0],
		[247, "PAD10_1", -899.5155, 632.8475, "T", "SMD", "GND", "GND", "R", 31.496, 35.433, 0, 0, 0],
		[248, "PAD11_2", -313.138, 632.8475, "T", "SMD", "VCC_3V3", "", "R", 31.496, 35.433, 0, 0, 0],
		[249, "PAD12_1", -368.258, 632.8475, "T", "SMD", "GND", "GND", "R", 31.496, 35.433, 0, 0, 0],
		[250, "PAD13_2", -173.393, 632.8475, "T", "SMD", "VCC_3V3", "", "R", 31.496, 35.433, 0, 0, 0],
		[251, "PAD14_1", -228.513, 632.8475, "T", "SMD", "GND", "GND", "R", 31.496, 35.433, 0, 0, 0],
		[252, "PAD15_2", 885.9065, 332.8475, "T", "SMD", "VCC_5V", "", "R", 31.496, 35.433, 0, 0, 0],
		[253, "PAD16_1", 830.7865, 332.8475, "T", "SMD", "GND", "GND", "R", 31.496, 35.433, 0, 0, 0],
		[254, "PAD17_2", 1057.56, 335, "T", "SMD", "VCC_5V", "", "R", 31.496, 35.433, 0, 0, 0],
		[255, "PAD18_1", 1002.44, 335, "T", "SMD", "GND", "GND", "R", 31.496, 35.433, 0, 0, 0],
		[256, "PAD19_2", 1412.56, -340, "T", "SMD", "VCC_3V3", "", "R", 31.496, 35.433, 0, 0, 0],
		[257, "PAD20_1", 1357.44, -340, "T", "SMD", "GND", "GND", "R", 31.496, 35.433, 0, 0, 0],
		[258, "PAD21_2", 1562.56, -340, "T", "SMD", "VCC_3V3", "", "R", 31.496, 35.433, 0, 0, 0],
		[259, "PAD22_1", 1507.44, -340, "T", "SMD", "GND", "GND", "R", 31.496, 35.433, 0, 0, 0],
		[260, "PAD23_2", 152.56, 635, "T", "SMD", "OSC_IN", "", "R", 31.496, 35.433, 0, 0, 0],
		[261, "PAD24_1", 97.44, 635, "T", "SMD", "GND", "GND", "R", 31.496, 35.433, 0, 0, 0],
		[262, "PAD25_2", 497.56, 405, "T", "SMD", "STM_RST", "", "R", 31.496, 35.433, 0, 0, 0],
		[263, "PAD26_1", 442.44, 405, "T", "SMD", "GND", "GND", "R", 31.496, 35.433, 0, 0, 0],
		[264, "PAD27_2", 642.56, 635, "T", "SMD", "VCC_3V3", "", "R", 31.496, 35.433, 0, 0, 0],
		[265, "PAD28_1", 587.44, 635, "T", "SMD", "GND", "GND", "R", 31.496, 35.433, 0, 0, 0],
		[266, "PAD29_2", -7.44, 635, "T", "SMD", "OSC_OUT", "", "R", 31.496, 35.433, 0, 0, 0],
		[267, "PAD30_1", -62.56, 635, "T", "SMD", "GND", "GND", "R", 31.496, 35.433, 0, 0, 0],
		[268, "PAD31_3", -365, -190, "T", "DIP", "TCK", "", "C", 70.866, 70.866, 47.244, 47.244, 0],
		[269, "PAD31_3", -365, -190, "B", "DIP", "TCK", "", "C", 70.866, 70.866, 47.244, 47.244, 0],
		[270, "PAD32_2", -465, -190, "T", "DIP", "TMS", "", "C", 70.866, 70.866, 47.244, 47.244, 0],
		[271, "PAD32_2", -465, -190, "B", "DIP", "TMS", "", "C", 70.866, 70.866, 47.244, 47.244, 0],
		[272, "PAD33_1", -565, -190, "T", "DIP", "GND", "GND", "R", 62, 70.866, 47.244, 47.244, 0],
		[273, "PAD33_1", -565, -190, "B", "DIP", "GND", "GND", "R", 62, 70.866, 47.244, 47.244, 0],
		[274, "PAD34_1", -1445, -190, "T", "DIP", "GND", "GND", "R", 66.929, 66.929, 43.308, 43.308, 0],
		[275, "PAD34_1", -1445, -190, "B", "DIP", "GND", "GND", "R", 66.929, 66.929, 43.308, 43.308, 0],
		[276, "PAD35_2", -1345, -190, "T", "DIP", "VC02_RX", "", "C", 66.929, 66.929, 43.308, 43.308, 0],
		[277, "PAD35_2", -1345, -190, "B", "DIP", "VC02_RX", "", "C", 66.929, 66.929, 43.308, 43.308, 0],
		[278, "PAD36_3", -1245, -190, "T", "DIP", "VC02_TX", "", "C", 66.929, 66.929, 43.308, 43.308, 0],
		[279, "PAD36_3", -1245, -190, "B", "DIP", "VC02_TX", "", "C", 66.929, 66.929, 43.308, 43.308, 0],
		[280, "PAD37_4", -1145, -190, "T", "DIP", "VCC_3V3", "", "C", 66.929, 66.929, 43.308, 43.308, 0],
		[281, "PAD37_4", -1145, -190, "B", "DIP", "VCC_3V3", "", "C", 66.929, 66.929, 43.308, 43.308, 0],
		[282, "PAD38_1", -1000, -190, "T", "DIP", "GND", "GND", "R", 66.929, 66.929, 43.308, 43.308, 0],
		[283, "PAD38_1", -1000, -190, "B", "DIP", "GND", "GND", "R", 66.929, 66.929, 43.308, 43.308, 0],
		[284, "PAD39_2", -900, -190, "T", "DIP", "VCC_3V3", "", "C", 66.929, 66.929, 43.308, 43.308, 0],
		[285, "PAD39_2", -900, -190, "B", "DIP", "VCC_3V3", "", "C", 66.929, 66.929, 43.308, 43.308, 0],
		[286, "PAD40_3", -800, -190, "T", "DIP", "SWDIO", "", "C", 66.929, 66.929, 43.308, 43.308, 0],
		[287, "PAD40_3", -800, -190, "B", "DIP", "SWDIO", "", "C", 66.929, 66.929, 43.308, 43.308, 0],
		[288, "PAD41_4", -700, -190, "T", "DIP", "SWSCK", "", "C", 66.929, 66.929, 43.308, 43.308, 0],
		[289, "PAD41_4", -700, -190, "B", "DIP", "SWSCK", "", "C", 66.929, 66.929, 43.308, 43.308, 0],
		[290, "PAD42_2", 1061.475, 520.135, "T", "SMD", "$1N3206", "", "R", 31.496, 31.496, 0, 0, 90],
		[291, "PAD43_1", 998.525, 519.865, "T", "SMD", "GND", "GND", "R", 31.496, 31.496, 0, 0, 90],
		[292, "PAD44_2", 1061.475, 415.135, "T", "SMD", "$1N3207", "", "R", 31.496, 31.496, 0, 0, 90],
		[293, "PAD45_1", 998.525, 414.865, "T", "SMD", "GND", "GND", "R", 31.496, 31.496, 0, 0, 90],
		[294, "PAD46_2", 879.66, 630, "T", "SMD", "$1N798", "", "R", 31.751, 34.016, 0, 0, 0],
		[295, "PAD47_1", 820.34, 630, "T", "SMD", "GND", "GND", "R", 31.751, 34.016, 0, 0, 0],
		[296, "PAD48_2", 1059.66, 635, "T", "SMD", "$1N800", "", "R", 31.751, 34.016, 0, 0, 0],
		[297, "PAD49_1", 1000.34, 635, "T", "SMD", "GND", "GND", "R", 31.751, 34.016, 0, 0, 0],
		[298, "PAD50_2", 880.528, 513.8415, "T", "SMD", "VCC_3V3", "", "R", 31.751, 34.016, 0, 0, 0],
		[299, "PAD51_1", 821.208, 513.8415, "T", "SMD", "$1N3206", "", "R", 31.751, 34.016, 0, 0, 0],
		[300, "PAD52_2", 494.66, 635, "T", "SMD", "BOOT1", "", "R", 31.751, 34.016, 0, 0, 0],
		[301, "PAD53_1", 435.34, 635, "T", "SMD", "GND", "GND", "R", 31.751, 34.016, 0, 0, 0],
		[302, "PAD54_2", 884.66, 420, "T", "SMD", "IO_LED", "", "R", 31.751, 34.016, 0, 0, 0],
		[303, "PAD55_1", 825.34, 420, "T", "SMD", "$1N3207", "", "R", 31.751, 34.016, 0, 0, 0],
		[304, "PAD56_2", 324.66, 635, "T", "SMD", "BOOT0", "", "R", 31.751, 34.016, 0, 0, 0],
		[305, "PAD57_1", 265.34, 635, "T", "SMD", "GND", "GND", "R", 31.751, 34.016, 0, 0, 0],
		[306, "PAD58_2", -170.34, 485, "T", "SMD", "VCC_3V3", "", "R", 31.751, 34.016, 0, 0, 0],
		[307, "PAD59_1", -229.66, 485, "T", "SMD", "STM_RST", "", "R", 31.751, 34.016, 0, 0, 0],
		[308, "PAD60_2", -255.34, 25, "T", "SMD", "I2C1_SDA", "", "R", 31.751, 34.016, 0, 0, 0],
		[309, "PAD61_1", -314.66, 25, "T", "SMD", "$1N23385", "", "R", 31.751, 34.016, 0, 0, 0],
		[310, "PAD62_2", -255.34, 110, "T", "SMD", "I2C1_SCL", "", "R", 31.751, 34.016, 0, 0, 0],
		[311, "PAD63_1", -314.66, 110, "T", "SMD", "$1N23383", "", "R", 31.751, 34.016, 0, 0, 0],
		[312, "PAD64_2", -454.66, 25, "T", "SMD", "VCC", "", "R", 31.751, 34.016, 0, 0, 180],
		[313, "PAD65_1", -395.34, 25, "T", "SMD", "$1N23497", "", "R", 31.751, 34.016, 0, 0, 180],
		[314, "PAD66_2", -454.66, 110, "T", "SMD", "VCC", "", "R", 31.751, 34.016, 0, 0, 180],
		[315, "PAD67_1", -395.34, 110, "T", "SMD", "$1N23501", "", "R", 31.751, 34.016, 0, 0, 180],
		[316, "PAD68_2", -459.66, 225, "T", "SMD", "GND", "GND", "R", 31.751, 34.016, 0, 0, 180],
		[317, "PAD69_1", -400.34, 225, "T", "SMD", "$1N23582", "", "R", 31.751, 34.016, 0, 0, 180],
		[318, "PAD70_1", 282.48, 470, "T", "SMD", "GND", "GND", "R", 74.803, 59.055, 0, 0, 180],
		[319, "PAD71_2", -32.48, 470, "T", "SMD", "STM_RST", "", "R", 74.803, 59.055, 0, 0, 180],
		[320, "PAD72_1", -93.27, -57.32, "T", "SMD", "VCC_3V3", "", "O", 10.63, 59.055, 0, 0, 0],
		[321, "PAD73_2", -73.58, -57.32, "T", "SMD", "DS1302_CE", "", "O", 10.63, 59.055, 0, 0, 0],
		[322, "PAD74_3", -53.9, -57.32, "T", "SMD", "OSC32_IN", "", "O", 10.63, 59.055, 0, 0, 0],
		[323, "PAD75_4", -34.21, -57.32, "T", "SMD", "OSC32_OUT", "", "O", 10.63, 59.055, 0, 0, 0],
		[324, "PAD76_5", -14.53, -57.32, "T", "SMD", "OSC_IN", "", "O", 10.63, 59.055, 0, 0, 0],
		[325, "PAD77_6", 5.16, -57.32, "T", "SMD", "OSC_OUT", "", "O", 10.63, 59.055, 0, 0, 0],
		[326, "PAD78_7", 24.84, -57.32, "T", "SMD", "STM_RST", "", "O", 10.63, 59.055, 0, 0, 0],
		[327, "PAD79_8", 44.53, -57.32, "T", "SMD", "GND", "GND", "O", 10.63, 59.055, 0, 0, 0],
		[328, "PAD80_9", 64.21, -57.32, "T", "SMD", "VCC_3V3", "", "O", 10.63, 59.055, 0, 0, 0],
		[329, "PAD81_10", 83.9, -57.32, "T", "SMD", "PA0", "", "O", 10.63, 59.055, 0, 0, 0],
		[330, "PAD82_11", 103.58, -57.32, "T", "SMD", "IO_LED", "", "O", 10.63, 59.055, 0, 0, 0],
		[331, "PAD83_12", 123.27, -57.32, "T", "SMD", "ESP8266_RX", "", "O", 10.63, 59.055, 0, 0, 0],
		[332, "PAD84_13", 182.32, 1.73, "T", "SMD", "ESP8266_TX", "", "O", 59.055, 10.63, 0, 0, 0],
		[333, "PAD85_14", 182.32, 21.42, "T", "SMD", "PA4", "", "O", 59.055, 10.63, 0, 0, 0],
		[334, "PAD86_15", 182.32, 41.1, "T", "SMD", "PA5", "", "O", 59.055, 10.63, 0, 0, 0],
		[335, "PAD87_16", 182.32, 60.79, "T", "SMD", "PA6", "", "O", 59.055, 10.63, 0, 0, 0],
		[336, "PAD88_17", 182.32, 80.47, "T", "SMD", "PA7", "", "O", 59.055, 10.63, 0, 0, 0],
		[337, "PAD89_18", 182.32, 100.16, "T", "SMD", "PB0", "", "O", 59.055, 10.63, 0, 0, 0],
		[338, "PAD90_19", 182.32, 119.84, "T", "SMD", "PB1", "", "O", 59.055, 10.63, 0, 0, 0],
		[339, "PAD91_20", 182.32, 139.53, "T", "SMD", "BOOT1", "", "O", 59.055, 10.63, 0, 0, 0],
		[340, "PAD92_21", 182.32, 159.21, "T", "SMD", "USB_TX", "", "O", 59.055, 10.63, 0, 0, 0],
		[341, "PAD93_22", 182.32, 178.9, "T", "SMD", "USB_RX", "", "O", 59.055, 10.63, 0, 0, 0],
		[342, "PAD94_23", 182.32, 198.58, "T", "SMD", "GND", "GND", "O", 59.055, 10.63, 0, 0, 0],
		[343, "PAD95_24", 182.32, 218.27, "T", "SMD", "VCC_3V3", "", "O", 59.055, 10.63, 0, 0, 0],
		[344, "PAD96_25", 123.27, 277.32, "T", "SMD", "PB12", "", "O", 10.63, 59.055, 0, 0, 0],
		[345, "PAD97_26", 103.58, 277.32, "T", "SMD", "PB13", "", "O", 10.63, 59.055, 0, 0, 0],
		[346, "PAD98_27", 83.9, 277.32, "T", "SMD", "PB14", "", "O", 10.63, 59.055, 0, 0, 0],
		[347, "PAD99_28", 64.21, 277.32, "T", "SMD", "PB15", "", "O", 10.63, 59.055, 0, 0, 0],
		[348, "PAD100_29", 44.53, 277.32, "T", "SMD", "PA8", "", "O", 10.63, 59.055, 0, 0, 0],
		[349, "PAD101_30", 24.84, 277.32, "T", "SMD", "VC02_RX", "", "O", 10.63, 59.055, 0, 0, 0],
		[350, "PAD102_31", 5.16, 277.32, "T", "SMD", "VC02_TX", "", "O", 10.63, 59.055, 0, 0, 0],
		[351, "PAD103_32", -14.53, 277.32, "T", "SMD", "PA11", "", "O", 10.63, 59.055, 0, 0, 0],
		[352, "PAD104_33", -34.21, 277.32, "T", "SMD", "PA12", "", "O", 10.63, 59.055, 0, 0, 0],
		[353, "PAD105_34", -53.9, 277.32, "T", "SMD", "SWDIO", "", "O", 10.63, 59.055, 0, 0, 0],
		[354, "PAD106_35", -73.58, 277.32, "T", "SMD", "GND", "GND", "O", 10.63, 59.055, 0, 0, 0],
		[355, "PAD107_36", -93.27, 277.32, "T", "SMD", "VCC_3V3", "", "O", 10.63, 59.055, 0, 0, 0],
		[356, "PAD108_37", -152.32, 218.27, "T", "SMD", "SWSCLK", "", "O", 59.055, 10.63, 0, 0, 0],
		[357, "PAD109_38", -152.32, 198.58, "T", "SMD", "PA15", "", "O", 59.055, 10.63, 0, 0, 0],
		[358, "PAD110_39", -152.32, 178.9, "T", "SMD", "PB3", "", "O", 59.055, 10.63, 0, 0, 0],
		[359, "PAD111_40", -152.32, 159.21, "T", "SMD", "PB4", "", "O", 59.055, 10.63, 0, 0, 0],
		[360, "PAD112_41", -152.32, 139.53, "T", "SMD", "PB5", "", "O", 59.055, 10.63, 0, 0, 0],
		[361, "PAD113_42", -152.32, 119.84, "T", "SMD", "I2C1_SCL", "", "O", 59.055, 10.63, 0, 0, 0],
		[362, "PAD114_43", -152.32, 100.16, "T", "SMD", "I2C1_SDA", "", "O", 59.055, 10.63, 0, 0, 0],
		[363, "PAD115_44", -152.32, 80.47, "T", "SMD", "BOOT0", "", "O", 59.055, 10.63, 0, 0, 0],
		[364, "PAD116_45", -152.32, 60.79, "T", "SMD", "DS1302_SCL", "", "O", 59.055, 10.63, 0, 0, 0],
		[365, "PAD117_46", -152.32, 41.1, "T", "SMD", "NET_1", "", "O", 59.055, 10.63, 0, 0, 0],
		[366, "PAD118_47", -152.32, 21.42, "T", "SMD", "GND", "GND", "O", 59.055, 10.63, 0, 0, 0],
		[367, "PAD119_48", -152.32, 1.73, "T", "SMD", "VCC_3V3", "", "O", 59.055, 10.63, 0, 0, 0],
		[368, "PAD120_20", 2106.775, 673.895, "T", "SMD", "VC02_SPK+", "", "R", 78.74, 39.37, 0, 0, 0],
		[369, "PAD121_19", 2106.775, 603.025, "T", "SMD", "VC02_SPK-", "", "R", 78.74, 39.37, 0, 0, 0],
		[370, "PAD122_18", 2106.775, 532.165, "T", "SMD", "GND", "GND", "R", 78.74, 39.37, 0, 0, 0],
		[371, "PAD123_17", 2106.775, 461.295, "T", "SMD", "VCC_5V", "", "R", 78.74, 39.37, 0, 0, 0],
		[372, "PAD124_11", 2106.775, 36.105, "T", "SMD", "TMS", "", "R", 78.74, 39.37, 0, 0, 0],
		[373, "PAD125_10", 1453.225, 36.105, "T", "SMD", "TCK", "", "R", 78.74, 39.37, 0, 0, 0],
		[374, "PAD126_4", 1453.225, 461.295, "T", "SMD", "VC02_TX", "", "R", 78.74, 39.37, 0, 0, 0],
		[375, "PAD127_5", 1453.225, 390.435, "T", "SMD", "VC02_RX", "", "R", 78.74, 39.37, 0, 0, 0],
		[376, "PAD128_3", 1453.225, 532.165, "T", "SMD", "VC02_MIC+", "", "R", 78.74, 39.37, 0, 0, 0],
		[377, "PAD129_2", 1453.225, 603.025, "T", "SMD", "VC02_MIC-", "", "R", 78.74, 39.37, 0, 0, 0],
		[378, "PAD130_1", 1553.395, -244.055, "T", "SMD", "GND", "GND", "R", 62.008, 26.457, 0, 0, 0],
		[379, "PAD131_3", 1553.395, -125.945, "T", "SMD", "VCC_5V", "", "R", 62.008, 26.457, 0, 0, 0],
		[380, "PAD132_2", 1446.605, -185.005, "T", "SMD", "VCC_3V3", "", "P", 211.685, 74.804, 0, 0, 0],
		[381, "PAD133_1", 1250.61, 30, "T", "SMD", "USB_D+", "", "O", 24.803, 73.425, 0, 0, 90],
		[382, "PAD134_2", 1250.61, 80, "T", "SMD", "USB_D-", "", "O", 24.803, 73.425, 0, 0, 90],
		[383, "PAD135_3", 1250.61, 130, "T", "SMD", "GND", "GND", "O", 24.803, 73.425, 0, 0, 90],
		[384, "PAD136_8", 1039.39, 30, "T", "SMD", "VCC_3V3", "", "O", 24.803, 73.425, 0, 0, 90],
		[385, "PAD137_7", 1039.39, 80, "T", "SMD", "USB_RX", "", "O", 24.803, 73.425, 0, 0, 90],
		[386, "PAD138_6", 1039.39, 130, "T", "SMD", "USB_TX", "", "O", 24.803, 73.425, 0, 0, 90],
		[387, "PAD139_5", 1039.39, 180, "T", "SMD", "VCC_3V3", "", "O", 24.803, 73.425, 0, 0, 90],
		[388, "PAD140_1", 1040.85, -70, "T", "SMD", "VCC_3V3", "", "O", 23.15, 80.512, 0, 0, 270],
		[389, "PAD141_2", 1040.85, -120, "T", "SMD", "$1N1265", "", "O", 23.15, 80.512, 0, 0, 270],
		[390, "PAD142_3", 1040.85, -170, "T", "SMD", "$1N1264", "", "O", 23.15, 80.512, 0, 0, 270],
		[391, "PAD143_4", 1040.85, -220, "T", "SMD", "GND", "GND", "O", 23.15, 80.512, 0, 0, 270],
		[392, "PAD144_8", 1259.15, -70, "T", "SMD", "$1N1270", "", "O", 23.15, 80.512, 0, 0, 270],
		[393, "PAD145_7", 1259.15, -120, "T", "SMD", "DS1302_SCL", "", "O", 23.15, 80.512, 0, 0, 270],
		[394, "PAD146_6", 1259.15, -170, "T", "SMD", "NET_1", "", "O", 23.15, 80.512, 0, 0, 270],
		[395, "PAD147_5", 1259.15, -220, "T", "SMD", "DS1302_CE", "", "O", 23.15, 80.512, 0, 0, 270],
		[396, "PAD148_1", 1292.668, 397.996, "T", "DIP", "VC02_SPK+", "", "R", 63, 63, 43.3, 43.3, 180],
		[397, "PAD148_1", 1292.668, 397.996, "B", "DIP", "VC02_SPK+", "", "R", 63, 63, 43.3, 43.3, 180],
		[398, "PAD149_2", 1213.868, 397.996, "T", "DIP", "VC02_SPK-", "", "C", 63, 63, 43.3, 43.3, 180],
		[399, "PAD149_2", 1213.868, 397.996, "B", "DIP", "VC02_SPK-", "", "C", 63, 63, 43.3, 43.3, 180],
		[400, "PAD150_1", 1292.668, 612.681, "T", "DIP", "VC02_MIC-", "", "R", 63, 63, 43.3, 43.3, 180],
		[401, "PAD150_1", 1292.668, 612.681, "B", "DIP", "VC02_MIC-", "", "R", 63, 63, 43.3, 43.3, 180],
		[402, "PAD151_2", 1213.868, 612.681, "T", "DIP", "VC02_MIC+", "", "C", 63, 63, 43.3, 43.3, 180],
		[403, "PAD151_2", 1213.868, 612.681, "B", "DIP", "VC02_MIC+", "", "C", 63, 63, 43.3, 43.3, 180],
		[404, "PAD152_16", -1151.205, 527.27, "T", "SMD", "ESP8266_TX", "", "R", 98.425, 55.118, 0, 0, 270],
		[405, "PAD153_15", -1072.465, 527.26, "T", "SMD", "ESP8266_RX", "", "R", 98.425, 55.118, 0, 0, 270],
		[406, "PAD154_12", -836.245, 527.27, "T", "SMD", "$1N23497", "", "R", 98.425, 55.118, 0, 0, 270],
		[407, "PAD155_11", -757.505, 527.3, "T", "SMD", "$1N23501", "", "R", 98.425, 55.118, 0, 0, 270],
		[408, "PAD156_10", -678.765, 527.25, "T", "SMD", "$1N23582", "", "R", 98.425, 55.118, 0, 0, 270],
		[409, "PAD157_9", -600.025, 527.19, "T", "SMD", "GND", "GND", "R", 98.425, 55.118, 0, 0, 270],
		[410, "PAD158_8", -600.025, -67.27, "T", "SMD", "VCC", "", "R", 98.425, 55.118, 0, 0, 90],
		[411, "PAD159_3", -993.725, -67.3, "T", "SMD", "VCC", "", "R", 98.425, 55.118, 0, 0, 90],
		[412, "PAD160_1", -1540, 315, "T", "DIP", "GND", "GND", "C", 70.866, 70.866, 41.338, 41.338, 270],
		[413, "PAD160_1", -1540, 315, "B", "DIP", "GND", "GND", "C", 70.866, 70.866, 41.338, 41.338, 270],
		[414, "PAD161_2", -1540, 215, "T", "DIP", "VCC_3V3", "", "C", 70.866, 70.866, 41.338, 41.338, 270],
		[415, "PAD161_2", -1540, 215, "B", "DIP", "VCC_3V3", "", "C", 70.866, 70.866, 41.338, 41.338, 270],
		[416, "PAD162_3", -1540, 115, "T", "DIP", "$1N23383", "", "C", 70.866, 70.866, 41.338, 41.338, 270],
		[417, "PAD162_3", -1540, 115, "B", "DIP", "$1N23383", "", "C", 70.866, 70.866, 41.338, 41.338, 270],
		[418, "PAD163_4", -1540, 15, "T", "DIP", "$1N23385", "", "C", 70.866, 70.866, 41.338, 41.338, 270],
		[419, "PAD163_4", -1540, 15, "B", "DIP", "$1N23385", "", "C", 70.866, 70.866, 41.338, 41.338, 270],
		[420, "PAD164_A1", 2009.92, -341.89, "T", "SMD", "GND", "GND", "R", 11.811, 51.181, 0, 0, 90],
		[421, "PAD165_B12", 2009.92, -330.08, "T", "SMD", "GND", "GND", "R", 11.811, 51.181, 0, 0, 90],
		[422, "PAD166_A4", 2009.92, -310.39, "T", "SMD", "VCC_5V", "", "R", 11.811, 51.181, 0, 0, 90],
		[423, "PAD167_B9", 2009.92, -298.58, "T", "SMD", "VCC_5V", "", "R", 11.811, 51.181, 0, 0, 90],
		[424, "PAD168_A5", 2009.92, -259.21, "T", "SMD", "$1N798", "", "R", 11.811, 51.181, 0, 0, 90],
		[425, "PAD169_B7", 2009.92, -239.53, "T", "SMD", "USB_D-", "", "R", 11.811, 51.181, 0, 0, 90],
		[426, "PAD170_A6", 2009.92, -219.84, "T", "SMD", "USB_D+", "", "R", 11.811, 51.181, 0, 0, 90],
		[427, "PAD171_A7", 2009.92, -200.16, "T", "SMD", "USB_D-", "", "R", 11.811, 51.181, 0, 0, 90],
		[428, "PAD172_B6", 2009.92, -180.47, "T", "SMD", "USB_D+", "", "R", 11.811, 51.181, 0, 0, 90],
		[429, "PAD173_B5", 2009.92, -141.1, "T", "SMD", "$1N800", "", "R", 11.811, 51.181, 0, 0, 90],
		[430, "PAD174_B4", 2009.93, -121.42, "T", "SMD", "VCC_5V", "", "R", 11.811, 51.181, 0, 0, 90],
		[431, "PAD175_A9", 2009.93, -109.6, "T", "SMD", "VCC_5V", "", "R", 11.811, 51.181, 0, 0, 90],
		[432, "PAD176_B1", 2009.92, -89.92, "T", "SMD", "GND", "GND", "R", 11.811, 51.181, 0, 0, 90],
		[433, "PAD177_A12", 2009.92, -78.11, "T", "SMD", "GND", "GND", "R", 11.811, 51.181, 0, 0, 90],
		[434, "PAD178_1", 935.005, -189.215, "T", "SMD", "$1N1264", "", "R", 70.866, 39.37, 0, 0, 180],
		[435, "PAD179_2", 935.005, -90.785, "T", "SMD", "$1N1265", "", "R", 70.866, 39.37, 0, 0, 180],
		[436, "PAD180_2", 106.46, -300, "T", "DIP", "OSC_OUT", "", "C", 62.992, 62.992, 27.56, 27.56, 0],
		[437, "PAD180_2", 106.46, -300, "B", "DIP", "OSC_OUT", "", "C", 62.992, 62.992, 27.56, 27.56, 0],
		[438, "PAD181_1", -86.46, -300, "T", "DIP", "OSC_IN", "", "C", 62.992, 62.992, 27.56, 27.56, 0],
		[439, "PAD181_1", -86.46, -300, "B", "DIP", "OSC_IN", "", "C", 62.992, 62.992, 27.56, 27.56, 0]
	]
}
}